ligand_id,smiles
litpcba_ESR1_ago__L000001,COc1ccc(C[C@H]([NH2+]C[C@@H](c2cc(NC=O)c(O)cc2)O)C)cc1
litpcba_ESR1_ago__L000002,CN(C(CCCOc1cc(c2cc1)C=CC(=O)N2)=O)C3CCCCC3
litpcba_ESR1_ago__L000003,C[NH+](CCOC(C(C)=C)=O)C
litpcba_ESR1_ago__L000004,Cc1[n+]([O-])c(c2[n+]([O-])c1C(NCCO)=O)cccc2
litpcba_ESR1_ago__L000005,Clc1ccc(S(c2ccc(Cl)cc2)(=O)=O)cc1
litpcba_ESR1_ago__L000006,Nc1cc(S([O-])(=O)=O)ccc1
litpcba_ESR1_ago__L000007,COc1c(OC)c(c2cc1)C[N@H+]3[C@@H](c(c4CC3)cc(c5c4)OCO5)C2
litpcba_ESR1_ago__L000008,CC[C@@]1(c2ccccc2)C(=O)NC(=O)CC1
litpcba_ESR1_ago__L000009,C[NH+]([C@@H]1C([O-])=C(C(NC[NH+]2CCCC2)=O)C(=O)[C@](O)([C@H]13)C([O-])=C4[C@H]([C@@](O)(C)c(c5C4=O)cccc5[O-])C3)C
litpcba_ESR1_ago__L000010,COC(c1c(CS(NC(Nc2nc(OC)cc(OC)n2)=O)(=O)=O)cccc1)=O
litpcba_ESR1_ago__L000011,C[NH2+][C@@H](Cc1cc(c2cc1)OCO2)C
litpcba_ESR1_ago__L000012,C[C@@H](c1c(C)c(C)ccc1)c2[nH]cnc2
litpcba_ESR1_ago__L000013,Cc1cc(C(N2CCC3(CCCC3)CC2)=O)c(NC(C[C@@H](c4c(c5ccc4)cccc5)CC([O-])=O)=O)c(C)c1
litpcba_ESR1_ago__L000014,Fc1ccc(N2CC[NH+](CCCN3S(=O)(=O)c(c(c4ccc5)c35)ccc4)CC2)cc1
litpcba_ESR1_ago__L000015,O=C1c(c2C(=O)c(c13)cccc3)cccc2
litpcba_ESR1_ago__L000016,COC(C=C(\C=C\c1ccc(OC)cc1)OC2=O)=C2
litpcba_ESR1_ago__L000017,CN1C(C)=C(NC(c2cnccc2)=O)C(=O)N1c3ccccc3
litpcba_ESR1_ago__L000018,COc1c(NC(NCC2)=[NH+]2)c(Cl)nc(C)n1
litpcba_ESR1_ago__L000019,CC(OC(CCCCC(OC(C)C)=O)=O)C
litpcba_ESR1_ago__L000020,C[C@H]1C(c2ccc(NN=C(C#N)C#N)cc2)=NNC(=O)C1
litpcba_ESR1_ago__L000021,C[C@@H](OC(c1ccccc1)=O)C[NH2+]C2CCCCC2
litpcba_ESR1_ago__L000022,CNC(CSP(OC)(OC)=O)=O
litpcba_ESR1_ago__L000023,CC(c1c(O)c(C(C)(C)C)cc(CO)c1)(C)C
litpcba_ESR1_ago__L000024,[O-][N+](O[C@@H]1[C@H]([C@@H]2OC1)OC[C@H]2O[N+]([O-])=O)=O
litpcba_ESR1_ago__L000025,COc1cc(c2cc1)c([C@@H]([C@@H]3[NH+](C[C@H](C=C)C4C3)CC4)O)ccn2
litpcba_ESR1_ago__L000026,Nc1cc(Cl)c(Cl)cc1
litpcba_ESR1_ago__L000027,Cc1c(N=C=O)cc(N=C=O)cc1
litpcba_ESR1_ago__L000028,CC([C@@H](C(N[C@@H]1C(=O)N([C@H]2c(c3C1)cccc3)[C@H](C([O-])=O)CCC2)=O)SC(C)=O)C
litpcba_ESR1_ago__L000029,[O-][n+]1c(SSc2[n+]([O-])cccc2)cccc1
litpcba_ESR1_ago__L000030,C(Cc1ccncc1)Cc2ccncc2
litpcba_ESR1_ago__L000031,CCOC(c1ccccc1)=O
litpcba_ESR1_ago__L000032,CCOC(C[NH2+][C@@H](C(N1[C@H](C(NCc2ccc(C(N)=[NH+]O)cc2)=O)CC1)=O)C3CCCCC3)=O
litpcba_ESR1_ago__L000033,Clc1c(Cl)cc(OCC#CI)c(Cl)c1
litpcba_ESR1_ago__L000034,CC[NH+](CC#CCOC([C@](c1ccccc1)(C2CCCCC2)O)=O)CC
litpcba_ESR1_ago__L000035,CCCCCC=CC[C@H]1C(=O)OC(=O)C1
litpcba_ESR1_ago__L000036,[O-]S(C(C(C(C(C(C(F)(F)F)(F)F)(F)F)(F)F)(F)F)(F)F)(=O)=O
litpcba_ESR1_ago__L000037,CCOc1c(c([C@@]2([C@@H]3[C@@H](O)C=C4)[C@@H]4[C@H]([N@@H+](C)CC2)C5)c5cc1)O3
litpcba_ESR1_ago__L000038,CC(OC(CCC(OC(C)C)=O)=O)C
litpcba_ESR1_ago__L000039,O=C1CCC(C2CCCCC2)CC1
litpcba_ESR1_ago__L000040,Clc1cc(c2cc1)C(=O)c(c3C2=O)cccc3
litpcba_ESR1_ago__L000041,C[NH+]1CCN(C(C2CCCCC2)=O)CC1
litpcba_ESR1_ago__L000042,CC1(SC(C)(C)SC(C)(C)S1)C
litpcba_ESR1_ago__L000043,COP(Oc1cc(C)c([N+]([O-])=O)cc1)(OC)=S
litpcba_ESR1_ago__L000044,CC(OC(CCCC(C=C)=C)(C)C)=O
litpcba_ESR1_ago__L000045,CC(OCC([C@@]1([C@](C)([C@H]2CC1)C[C@H](O)[C@@H]([C@H]23)[C@](C)(C(=C4)CC3)CCC4=O)O)=O)=O
litpcba_ESR1_ago__L000046,CCOCN(c1c(CC)cccc1C)C(CCl)=O
litpcba_ESR1_ago__L000047,CC(O[C@@H]1CC([C@]2(C)CC1)=CC[C@H]([C@@H]23)[C@H]4[C@](C(c5cnccc5)=CC4)(C)CC3)=O
litpcba_ESR1_ago__L000048,[O-]C(c1c(Cl)c(Cl)ns1)=O
litpcba_ESR1_ago__L000049,Nc1nc(c2ccccc2)nc(N)n1
litpcba_ESR1_ago__L000050,COC(Nc1cc(Cl)c(Cl)cc1)=O
litpcba_ESR1_ago__L000051,CC[C@]1(c2cc(O)ccc2)C[N@H+](C)CCCC1
litpcba_ESR1_ago__L000052,CC(C)=CCC\C(\C)=C\CO
litpcba_ESR1_ago__L000053,CC(c1ccc(CNC(c2c(Oc3cc(c4cc3)non4)nccc2)=O)cc1)(O)C
litpcba_ESR1_ago__L000054,Cc1ccc(S(NC2CCCCC2)(=O)=O)cc1
litpcba_ESR1_ago__L000055,CC([C@@]1([C@](C)([C@H]2CC1)CC[C@@H]([C@H]23)[C@](C)(C(=C4)C(Cl)=C3)CCC4=O)O)=O
litpcba_ESR1_ago__L000056,CC([C@@H]1C(=O)C=C(C)OC1=O)=O
litpcba_ESR1_ago__L000057,CON(C(Nc1ccc(Cl)cc1)=O)C
litpcba_ESR1_ago__L000058,Nc1c(S(c2ccccc2)(=O)=O)cccc1
litpcba_ESR1_ago__L000059,C[C@@H](CCCC(O)(C)C)CCO
litpcba_ESR1_ago__L000060,Cc1c(OCC([O-])=O)cccc1
litpcba_ESR1_ago__L000061,C[NH2+]CCCC(c(c12)cccc1)(c(c34)cccc3)CCC24
litpcba_ESR1_ago__L000062,[O-][N+](c1cc([N+]([O-])=O)c(Nc2cc(S([O-])(=O)=O)c(Nc3ccccc3)cc2)cc1)=O
litpcba_ESR1_ago__L000063,CCCCCCOC([C@@H](CC)C)=O
litpcba_ESR1_ago__L000064,Oc1c(C([O-])=O)cc(\N=N\c2ccc(C(NCCC([O-])=O)=O)cc2)cc1
litpcba_ESR1_ago__L000065,Clc1c(C#N)c(Cl)ccc1
litpcba_ESR1_ago__L000066,C[C@@H]1[N@@H+](C)C[C@]([C@H]2CC3)([C@@H]13)CC[C@@H]([C@H]24)[C@](C)(C5=CC4)CC[C@H]([NH+](C)C)C5
litpcba_ESR1_ago__L000067,Clc1ncc(CN2\C(=N\C#N)\SCC2)cc1
litpcba_ESR1_ago__L000068,CC=CC(CS[C@H]1N2C(=O)[C@H]1NC([C@@H](c3ccc(O)cc3)[NH3+])=O)=C2C([O-])=O
litpcba_ESR1_ago__L000069,COC(C1(c(c2c(c13)cccc3)cccc2)O)=O
litpcba_ESR1_ago__L000070,Cc1ccc(S(N)(=O)=O)cc1
litpcba_ESR1_ago__L000071,C[C@@H](C(N1[C@H](C([O-])=O)CCC1)=O)[NH2+][C@@H](C([O-])=O)CCc2ccccc2
litpcba_ESR1_ago__L000072,CC1([C@H](C([O-])=O)N([C@@H]2S1)C(=O)[C@H]2NC([C@@H](c3ccccc3)C([O-])=O)=O)C
litpcba_ESR1_ago__L000073,CC([C@@]1(CC=C(C)CC1)O)C
litpcba_ESR1_ago__L000074,C=CCOC(c1c(C(OCC=C)=O)cccc1)=O
litpcba_ESR1_ago__L000075,CCCc1cc(OC)c(O)cc1
litpcba_ESR1_ago__L000076,CC(c1sc(NS(c2ccccc2)(=O)=O)nn1)(C)C
litpcba_ESR1_ago__L000077,C[NH+]1C(C)(C)CC(O)CC1(C)C
litpcba_ESR1_ago__L000078,CC(C)=CCC\C(\C)=C\CCC(C)=O
litpcba_ESR1_ago__L000079,CN1C(=O)c(c2NC1=[NH2+])nc[nH]2
litpcba_ESR1_ago__L000080,Brc1sc(c2n1)cccc2
litpcba_ESR1_ago__L000081,[O-]C(CCC(OCCOC(C=C)=O)=O)=O
litpcba_ESR1_ago__L000082,C[NH+](CCCNC(C(C)=C)=O)C
litpcba_ESR1_ago__L000083,CC(N[C@@H]1[C@@H](O)[C@H](O)[C@@H](CO)O[C@H]1O)=O
litpcba_ESR1_ago__L000084,CC[NH+](CCNC(COc1ccc(OC)cc1)=O)CC
litpcba_ESR1_ago__L000085,CCOCCOCCOCCO
litpcba_ESR1_ago__L000086,Nc1c(C[NH2+]C2CCC(O)CC2)cc(Br)cc1Br
litpcba_ESR1_ago__L000087,COc1cc(c2cc1)sc(NC(Nc3ccccc3)=O)n2
litpcba_ESR1_ago__L000088,COc1cc(c2cc1)[nH]c([S@@](Cc3c(C)c(OC)c(C)cn3)=O)n2
litpcba_ESR1_ago__L000089,Clc1ncc(C(Cl)(Cl)Cl)cc1
litpcba_ESR1_ago__L000090,O=C(N1[C@@H](c2ccccc2)c(c3CC1)cccc3)O[C@@H]4C(CC[NH+]5C4)CC5
litpcba_ESR1_ago__L000091,O=C1c(c(c2CCC3)[C@H]3CN1[C@H]4C(CC[NH+]5C4)CC5)ccc2
litpcba_ESR1_ago__L000092,CCS(C(S(CC)(=O)=O)(C)C)(=O)=O
litpcba_ESR1_ago__L000093,C[C@@]1([C@](C(CO)=O)(O)CC2)[C@@H]2[C@H]3[C@]([C@](C)(C(=C4)CC3)CCC4=O)(F)[C@@H](O)C1
litpcba_ESR1_ago__L000094,CC(C([O-])=O)(Oc1ccc([C@@H]2c(c3CCC2)cccc3)cc1)C
litpcba_ESR1_ago__L000095,CCCCCN(C([C@H](NC(c1cc(Cl)c(Cl)cc1)=O)CCC([O-])=O)=O)CCCCC
litpcba_ESR1_ago__L000096,Nc1cc(S([O-])(=O)=O)c(\C=C\c2c(S([O-])(=O)=O)cc(N)cc2)cc1
litpcba_ESR1_ago__L000097,Clc1ccc(C(NCCC[NH+]2CCOCC2)=O)cc1
litpcba_ESR1_ago__L000098,C[NH+](CCC[C@]1(c2ccc(F)cc2)c(c3CO1)ccc(C#N)c3)C
litpcba_ESR1_ago__L000099,CCCCCOc1c(OCC)cc([C@H]2C(=O)[N-]C(=O)S2)cc1
litpcba_ESR1_ago__L000100,CCOC(c1c(C)nc(n2c1)cc(OP(OCC)(OCC)=S)n2)=O
litpcba_ESR1_ago__L000101,CC(CCCCCOC(C=C)=O)C
litpcba_ESR1_ago__L000102,Oc1c(c2c(Br)cc1Br)nccc2
litpcba_ESR1_ago__L000103,CC#CC[C@H]([C@@H](\C=C\[C@H]1[C@H]([C@@H]2C[C@H]1O)C\C(=C\CCCC([O-])=O)\C2)O)C
litpcba_ESR1_ago__L000104,CCC([C@H]1[C@H](OC(C)=O)CCCC1)(C)C
litpcba_ESR1_ago__L000105,NC(Nc1c(c2ccc1)cccc2)=S
litpcba_ESR1_ago__L000106,COc1c(OC[C@@H](CO)O)cccc1
litpcba_ESR1_ago__L000107,[O-]S(c1cc(c2c(S([O-])(=O)=O)c1)ccc(C3C(=O)c(c4C3=O)cccc4)n2)(=O)=O
litpcba_ESR1_ago__L000108,CCOCCOCCOCC
litpcba_ESR1_ago__L000109,CC(C(C)(C)[C@@H](CC=O)C1)=C1
litpcba_ESR1_ago__L000110,CC(Oc1c(CCl)cc([N+]([O-])=O)cc1)=O
litpcba_ESR1_ago__L000111,[O-][N+](c1cc(Cl)c(Cl)c(Cl)c1)=O
litpcba_ESR1_ago__L000112,CCOP(C(N)=O)([O-])=O
litpcba_ESR1_ago__L000113,CC(c1c(NC(NS(c2cc(C(O)(C)C)co2)(=O)=O)=O)c(C(C)C)ccc1)C
litpcba_ESR1_ago__L000114,C\N=C(/NC#N)\NCCSCc1c(C)[nH]cn1
litpcba_ESR1_ago__L000115,CCN1C[NH+](CC)CN(CC)C1
litpcba_ESR1_ago__L000116,OC[C@@H]1[C@H](Cl)[C@H](O)[C@@H](O)[C@@H](O[C@]2([C@@H](O)[C@H](O)[C@@H](CCl)O2)CCl)O1
litpcba_ESR1_ago__L000117,Cc1c(CCCl)scn1
litpcba_ESR1_ago__L000118,O[C@H]1[C@@H](c2cc(O)c(O)cc2)Oc(c3C1)cc(O)cc3O
litpcba_ESR1_ago__L000119,Nc1sc(c2n1)cccc2Cl
litpcba_ESR1_ago__L000120,CCNc1nc(Cl)nc(N)n1
litpcba_ESR1_ago__L000121,CC(Nc1c(c2cc(S([O-])(=O)=O)c1)c(O)c(\N=N/c3ccccc3)c(S([O-])(=O)=O)c2)=O
litpcba_ESR1_ago__L000122,COc1c(O)ccc(\C=C(\C(=O)\C(=C\c2cc(OC)c(O)cc2)\CC3)/C3)c1
litpcba_ESR1_ago__L000123,CN1C(=O)[C@@H](c2ccccc2)CC1=O
litpcba_ESR1_ago__L000124,C[C@@H](N(C(Nc1ccc(Cl)cc1)=O)C)C#C
litpcba_ESR1_ago__L000125,CC1(C(=O)N(Cc2c(Cl)cccc2)OC1)C
litpcba_ESR1_ago__L000126,CCCC[NH+](CCCOC(c1ccc(N)cc1)=O)CCCC
litpcba_ESR1_ago__L000127,CCCCCCCCCCCCOCCO
litpcba_ESR1_ago__L000128,CC1(O[C@](C(CO)=O)([C@@H]2O1)[C@](C)([C@H]3C2)C[C@H](O)[C@@H]([C@H]34)[C@](C)(C(=C5)CC4)C=CC5=O)C
litpcba_ESR1_ago__L000129,CO[C@@H]1C[N+](C)(C)CC(=C(c2sccc2)c3sccc3)C1
litpcba_ESR1_ago__L000130,CCCCCc1ccc(N)cc1
litpcba_ESR1_ago__L000131,Fc1cc(c2cc1)[C@]3(C(=O)NC(=O)N3)CCO2
litpcba_ESR1_ago__L000132,CC(O[C@@H](C(Cl)(Cl)Cl)c1ccccc1)=O
litpcba_ESR1_ago__L000133,C[C@@H](Oc1ccccc1)CO
litpcba_ESR1_ago__L000134,C[C@H]1[C@@](C(CO)=O)(O)[C@](C)([C@H]2C1)C[C@H](O)[C@@](F)([C@H]23)[C@](C)(C(=C4)[C@@H](F)C3)C=C(Cl)C4=O
litpcba_ESR1_ago__L000135,[O-]C(COCCN1CC[NH+]([C@@H](c2ccc(Cl)cc2)c3ccccc3)CC1)=O
litpcba_ESR1_ago__L000136,CC(N(c1ccccc1)C(CCl)=O)C
litpcba_ESR1_ago__L000137,CCCSSCCC
litpcba_ESR1_ago__L000138,BrCc1ccc(Br)cc1
litpcba_ESR1_ago__L000139,CCOC([C@@H]([NH2+][C@@H]1C(=O)N(CC([O-])=O)C[C@@H](c2sccc2)SC1)CCc3ccccc3)=O
litpcba_ESR1_ago__L000140,NS(c1cc(S(N)(=O)=O)c(Cl)c(Cl)c1)(=O)=O
litpcba_ESR1_ago__L000141,Oc1c(S([O-])(=O)=O)cc(C2(c3cc(S([O-])(=O)=O)c(O)cc3)c(c4C(=O)O2)c(Br)c(Br)c(Br)c4Br)cc1
litpcba_ESR1_ago__L000142,Fc1c(C(Cl)=O)cccc1
litpcba_ESR1_ago__L000143,Cc1c(C)cc(S([O-])(=O)=O)cc1
litpcba_ESR1_ago__L000144,C[C@H](C([O-])=O)CN(c1c(I)c(N)c(I)cc1I)C(C)=O
litpcba_ESR1_ago__L000145,C1OCCN(SSc2sc(c3n2)cccc3)C1
litpcba_ESR1_ago__L000146,[O-]C(COc1c(c2n(Cc3ccccc3)n1)cccc2)=O
litpcba_ESR1_ago__L000147,O=C1N=C(C(=C2)C(=O)N1)NN2
litpcba_ESR1_ago__L000148,CCCCOC(c1c(N)cccc1)=O
litpcba_ESR1_ago__L000149,C[C@@H]([NH+](C)C)CN1c(c2Sc(c13)cccc3)cccc2
litpcba_ESR1_ago__L000150,NC(CN1C(=O)C[C@@H](O)C1)=O
litpcba_ESR1_ago__L000151,[O-]C(CNC(c1c(I)cccc1)=O)=O
litpcba_ESR1_ago__L000152,CC(C[C@H](Cc1ccccc1)O)C
litpcba_ESR1_ago__L000153,Clc1c(S(Cl)(=O)=O)c(Cl)ccc1
litpcba_ESR1_ago__L000154,C[C@H](c1nc(N2[C@@H](C)CN(c3nc(C)nc(C)n3)C[C@H]2C)ccn1)O
litpcba_ESR1_ago__L000155,CC[NH+](CCC(N1c(c2Sc(c13)cccc3)cc(Cl)cc2)=O)CC
litpcba_ESR1_ago__L000156,Nc1nnc(c2ccc([N+]([O-])=O)o2)o1
litpcba_ESR1_ago__L000157,CCn1c(c2c(C)n1)C(=O)NCC(c3ccc(O)cc3)=N2
litpcba_ESR1_ago__L000158,COc1c(n2c(OC)nc1)nc([N-]S(c3c(C(F)(F)F)cccc3OCC(F)F)(=O)=O)n2
litpcba_ESR1_ago__L000159,C1[C@@H]2C[C@@H](c(c23)cc(c4c3)nccn4)C[NH2+]1
litpcba_ESR1_ago__L000160,COC([C@@H]1[C@H]([N@@H+](C)[C@@H]2C[C@H]1OC(c3ccccc3)=O)CC2)=O
litpcba_ESR1_ago__L000161,CC(C(Cl)=O)(CCl)C
litpcba_ESR1_ago__L000162,[O-]C(CCc1ccccc1)=O
litpcba_ESR1_ago__L000163,S=C1[C@H]([C@H]2N=CN1)NC=[NH+]2
litpcba_ESR1_ago__L000164,S=C=NCCc1ccccc1
litpcba_ESR1_ago__L000165,Cc1n(CCCCC([O-])=O)c(c2c1c3cnccc3)cccc2
litpcba_ESR1_ago__L000166,Clc1cc(c2cc1)NC(=O)N2C3CC[NH+](CCCN4c(c5NC4=O)cccc5)CC3
litpcba_ESR1_ago__L000167,[O-]C(c1cc(Br)c([O-])c(Br)c1)=O
litpcba_ESR1_ago__L000168,C[C@@H]1[C@H]([C@H]2C[C@H]([C@]3(C)CC2)O3)O1
litpcba_ESR1_ago__L000169,CN1C(=O)c(c2C1=O)cc([N+]([O-])=O)cc2
litpcba_ESR1_ago__L000170,COc1c(OC)cc([C@H]2N(N3C(=S)N2)C(=S)N[C@H]3c4cc(OC)c(OC)cc4)cc1
litpcba_ESR1_ago__L000171,CCOc1ccc(NC(CC(C)=O)=O)cc1
litpcba_ESR1_ago__L000172,C[C@H](C([O-])=O)Oc1c(Cl)cc(Cl)c(Cl)c1
litpcba_ESR1_ago__L000173,CC[N@H+]1[C@H](CNC(c2c(OC)c(Br)ccc2OC)=O)CCC1
litpcba_ESR1_ago__L000174,CCCC(OC(Cc1ccccc1)(C)C)=O
litpcba_ESR1_ago__L000175,C\C(\N(C=O)Cc1c(N)nc(C)nc1)=C(/SC(c2ccccc2)=O)\CCOP([O-])([O-])=O
litpcba_ESR1_ago__L000176,Cc1c(c2ccc1)nc(N)s2
litpcba_ESR1_ago__L000177,CCC(N(c1ccccc1)[C@H]2[C@@H](C)C[N@@H+](CCc3ccccc3)CC2)=O
litpcba_ESR1_ago__L000178,O=C1Nc(c2CC1)ccc(OCCCCc3n(C4CCCCC4)nnn3)c2
litpcba_ESR1_ago__L000179,CC(c1ccc([N+]([O-])=O)cc1)=O
litpcba_ESR1_ago__L000180,CC(C(c1c(n2nc1C(C)C)cccc2)=O)C
litpcba_ESR1_ago__L000181,C([NH+]1CCCCC1)[C@H]2Oc(c3OC2)cccc3
litpcba_ESR1_ago__L000182,C[NH+]1C(C)(C)CCCC1(C)C
litpcba_ESR1_ago__L000183,CCCCCSCCCCC
litpcba_ESR1_ago__L000184,C[C@@]1(c2ccccc2)C(=O)C=C(C([O-])=O)O1
litpcba_ESR1_ago__L000185,Cc1cc(c2c([O-])c1)C(=O)c(c3C2=O)cccc3[O-]
litpcba_ESR1_ago__L000186,CCOC(Cc1c(c2ccc1)cccc2)=O
litpcba_ESR1_ago__L000187,Oc1c(c2c(Cl)cc1)nccc2
litpcba_ESR1_ago__L000188,[O-]C(c1nc(C([O-])=O)ccc1)=O
litpcba_ESR1_ago__L000189,CCOP(OCC)OCC
litpcba_ESR1_ago__L000190,C[C@H](CN(C[C@H](O)C)CC[NH+](C[C@H](O)C)C[C@H](O)C)O
litpcba_ESR1_ago__L000191,OCCc1ccc(Nc2c(c3c([O-])cc2)C(=O)c(c4C3=O)c([N+]([O-])=O)ccc4[O-])cc1
litpcba_ESR1_ago__L000192,COc1cc(OC)c(S(N2c(c3[C@](c4c(OC)cccc4)([N@H+]5[C@H](C(N(C)C)=O)C[C@@H](O)C5)C2=O)ccc(Cl)c3)(=O)=O)cc1
litpcba_ESR1_ago__L000193,CC[C@@H](C(c1ccccc1)(c2ccccc2)C[C@@H]([NH+](C)C)C)O
litpcba_ESR1_ago__L000194,COc1ccc(\C=C\C(OCCC(C)C)=O)cc1
litpcba_ESR1_ago__L000195,COc1ccc(COC=O)cc1
litpcba_ESR1_ago__L000196,CC(OCC([C@@H]1[C@](C)([C@H]2CC1)CC[C@@H]([C@H]23)[C@](C)(C(=C4)CC3)CCC4=O)=O)=O
litpcba_ESR1_ago__L000197,Cc1c(OC[C@@H](C[NH2+]CCOc2ccc(C(N)=O)cc2)O)cccc1
litpcba_ESR1_ago__L000198,COc1c(Nc2nc(c3cn2)N(C4CCCC4)CC(F)(F)C(=O)N3C)ccc(C(NC5CC[NH+](C)CC5)=O)c1
litpcba_ESR1_ago__L000199,[O-]C(C(Br)(Br)Br)=O
litpcba_ESR1_ago__L000200,COC(C(C[N@H+](C)CC1)=C1)=O
litpcba_ESR1_ago__L000201,Clc1c(Nc2nc(Cl)nc(Cl)n2)cccc1
litpcba_ESR1_ago__L000202,C[NH+]1CCN(c2c(c(N3C=C(C([O-])=O)C4=O)c4cc2F)SCC3)CC1
litpcba_ESR1_ago__L000203,C[N@@H+]1C[C@H](CN2c(c3Sc(c24)cccc4)cccc3)CCC1
litpcba_ESR1_ago__L000204,O=C1C=C([C@]([C@H]([N@@H+]23)CCCC2)(C[C@H]34)O1)C=C4
litpcba_ESR1_ago__L000205,O=C(Nc1snnc1)Nc2ccccc2
litpcba_ESR1_ago__L000206,CC[C@H](NC([C@@H]1C=C([C@@H]2[N@H+](C)C1)c(c(c3[nH]c4)c4C2)ccc3)=O)CO
litpcba_ESR1_ago__L000207,CC(NC[C@@H]1OC(=O)N(c2cc(F)c(N3CCOCC3)cc2)C1)=O
litpcba_ESR1_ago__L000208,COc1c(c2c(OC)c(c13)C(=O)C=C(C)O3)occ2
litpcba_ESR1_ago__L000209,O=C1c(c2S(=O)(=O)N1CCCC[NH+]3CCN(c4ncccn4)CC3)cccc2
litpcba_ESR1_ago__L000210,CC1([NH2+]C(C)(C)CC(=O)C1)C
litpcba_ESR1_ago__L000211,CC(OCC([C@@H]1[C@](C)([C@H]2CC1)CC(=O)[C@@H]([C@H]23)[C@](C)([C@H]4CC3)CC[C@@H](O)C4)=O)=O
litpcba_ESR1_ago__L000212,NC(c1c(C(N)=O)cccc1)=O
litpcba_ESR1_ago__L000213,Cc1c([N+]([O-])=O)cc(C([O-])=O)cc1
litpcba_ESR1_ago__L000214,[O-]C(c1c(Cl)c(Cl)ccc1Cl)=O
litpcba_ESR1_ago__L000215,CN(c1ccc(\C=C\c2ccc([N+]([O-])=O)cc2)cc1)C
litpcba_ESR1_ago__L000216,CC[NH+](C1CCCCC1)CC
litpcba_ESR1_ago__L000217,CC([NH2+]C[C@H](COc1ccc(CCOCC2CC2)cc1)O)C
litpcba_ESR1_ago__L000218,[O-]C(c1cc(c2cc1)c(CCCC[N@H+]3CC=C(c4ccccc4)CC3)c[nH]2)=O
litpcba_ESR1_ago__L000219,CCOP(OCC)(CC)=O
litpcba_ESR1_ago__L000220,CCOP(SCCSCC)(OCC)=O
litpcba_ESR1_ago__L000221,Nc1ccc(C(OCCCOC(c2ccc(N)cc2)=O)=O)cc1
litpcba_ESR1_ago__L000222,COC(c1ccc(C)cc1)=O
litpcba_ESR1_ago__L000223,CC[NH+](C[C@H]1N(CC(N2c(c3NC(=O)c(c24)cccc4)nccc3)=O)CCCC1)CC
litpcba_ESR1_ago__L000224,CCC[C@H]1O[C@](C(CO)=O)([C@@H]2O1)[C@](C)([C@H]3C2)C[C@H](O)[C@@H]([C@H]34)[C@](C)(C(=C5)CC4)C=CC5=O
litpcba_ESR1_ago__L000225,CCCCCCCCCOC(C)=O
litpcba_ESR1_ago__L000226,Fc1c(F)c(F)c(Br)c(F)c1F
litpcba_ESR1_ago__L000227,CS(c1ccc([C@H]([C@H](NC(C(Cl)Cl)=O)CF)O)cc1)(=O)=O
litpcba_ESR1_ago__L000228,O=C(c1ccccc1)OCCOCCOC(c2ccccc2)=O
litpcba_ESR1_ago__L000229,CN(c1ccccc1)C(C(C(=O)N(C)c(c23)cccc2)=C3[O-])=O
litpcba_ESR1_ago__L000230,COc1cc([C@@H]([C@H]([NH3+])C)O)c(OC)cc1
litpcba_ESR1_ago__L000231,CS(c1ccc(C(COC2=O)=C2c3ccccc3)cc1)(=O)=O
litpcba_ESR1_ago__L000232,Cc1cc(O)c(C(C)(C)C)cc1
litpcba_ESR1_ago__L000233,CCCCC1CCC(O)CC1
litpcba_ESR1_ago__L000234,Nc1c(c2c(N)cc1)C(=O)c(c3C2=O)cccc3
litpcba_ESR1_ago__L000235,CCn1c(c2c(c13)cccc3)ccc([N+]([O-])=O)c2
litpcba_ESR1_ago__L000236,OCC1CCC(COC=C)CC1
litpcba_ESR1_ago__L000237,[O-]C(C1CCC(C([O-])=O)CC1)=O
litpcba_ESR1_ago__L000238,C[C@@H]1[C@H](c2ccccc2)OCC[NH2+]1
litpcba_ESR1_ago__L000239,C[N@H+]1[C@H](c2cnccc2)CCC1
litpcba_ESR1_ago__L000240,CCCCCCCCCC(N(C)C)=O
litpcba_ESR1_ago__L000241,CO\N=C(\c1nc(N)sc1)/C(N[C@@H]2C(=O)N([C@@H]23)C(C(O)=O)=C(C[n+]4c(c5ccc4)CCC5)CS3)=O
litpcba_ESR1_ago__L000242,CCOC(C(CC(=O)N1c2ccccc2)=N1)=O
litpcba_ESR1_ago__L000243,FC(c1c(Cl)ccc(NC(Nc2ccc(Cl)cc2)=O)c1)(F)F
litpcba_ESR1_ago__L000244,CCCSS\C(\CCO)=C(\N(C=O)Cc1c(N)nc(C)nc1)/C
litpcba_ESR1_ago__L000245,CC(\C=C\c1cc(c2cc1)OCO2)=O
litpcba_ESR1_ago__L000246,CCCCOCCOC(COc1c(Cl)cc(Cl)c(Cl)c1)=O
litpcba_ESR1_ago__L000247,COc1c(OC)cc(C(NCc2ccc(OCC[NH+](C)C)cc2)=O)cc1
litpcba_ESR1_ago__L000248,NS(c1c(C(F)(F)F)cc2c(S(=O)(=O)N[C@@H](Cc3ccccc3)N2)c1)(=O)=O
litpcba_ESR1_ago__L000249,C(c1ccccc1)OCc2ccccc2
litpcba_ESR1_ago__L000250,CCOc1c(OCC)cccc1
litpcba_ESR1_ago__L000251,CC(C([C@H](n1cncc1)Oc2ccc(Cl)cc2)=O)(C)C
litpcba_ESR1_ago__L000252,CC([C@@H]1C(=O)C[C@H](C)CC1)C
litpcba_ESR1_ago__L000253,ClCN1C(=O)c(c2N=N1)cccc2
litpcba_ESR1_ago__L000254,COc1c(N2CC[NH2+]CC2)cccc1
litpcba_ESR1_ago__L000255,CC(C(OCCc1ccccc1)=O)C
litpcba_ESR1_ago__L000256,CCOc1c(OCC)cc(NC(OC(C)C)=O)cc1
litpcba_ESR1_ago__L000257,COc1c(NNC(OC(C)C)=O)cc(c2ccccc2)cc1
litpcba_ESR1_ago__L000258,Cc1c(Br)cccc1
litpcba_ESR1_ago__L000259,CC(C)=CCC\C(\C)=C\CC\C(\C)=C\CO
litpcba_ESR1_ago__L000260,Oc1c(C([O-])=O)cc(c2c1Cc3c(c4cc(C([O-])=O)c3O)cccc4)cccc2
litpcba_ESR1_ago__L000261,BrCCBr
litpcba_ESR1_ago__L000262,CCNC(N(C([C@H]1C[N@@H+](CC=C)[C@H]2[C@@H](c(c(c3[nH]c4)c4C2)ccc3)C1)=O)CCC[NH+](C)C)=O
litpcba_ESR1_ago__L000263,CC(C(C(=O)N(c1ccccc1)N2C)=C2C)C
litpcba_ESR1_ago__L000264,CCN[P@](O\C(\C)=C\C(OC(C)C)=O)(OC)=S
litpcba_ESR1_ago__L000265,ClC(c1c(Cl)cccc1Cl)=O
litpcba_ESR1_ago__L000266,CCCCOc1ccc(N)cc1
litpcba_ESR1_ago__L000267,Fc1ccc(CC2CCN(CC[S@](c3cc(c4cc3)OC(=O)N4)=O)CC2)cc1
litpcba_ESR1_ago__L000268,COc1cc(Cl)c(OC)cc1
litpcba_ESR1_ago__L000269,C[C@H](C(N1[C@H](C([O-])=O)C[C@H](Sc2ccccc2)C1)=O)CSC(c3ccccc3)=O
litpcba_ESR1_ago__L000270,CC(C=CC(=O)N1c2ccccc2)=C1
litpcba_ESR1_ago__L000271,CCNc1nc(OC)nc(N[C@@H](CC)C)n1
litpcba_ESR1_ago__L000272,CCCCOC(C=CC(OCCCC)=O)=O
litpcba_ESR1_ago__L000273,C[C@@H]1[C@H](c2ccccc2)OC(N)=[NH+]1
litpcba_ESR1_ago__L000274,C[C@H](C=O)Cc1ccc(C(C)(C)C)cc1
litpcba_ESR1_ago__L000275,CC([C@H](C(NC(N)=O)=O)Br)C
litpcba_ESR1_ago__L000276,CCCCCc1ccc(Cl)cc1
litpcba_ESR1_ago__L000277,CC([C@H](C(NCCCC([O-])=O)=O)O)(CO)C
litpcba_ESR1_ago__L000278,Oc1c(\N=N\c2ccc(S([O-])(=O)=O)cc2)c(c3cc1)ccc(S([O-])(=O)=O)c3
litpcba_ESR1_ago__L000279,BrC(C(Br)(Br)Br)Br
litpcba_ESR1_ago__L000280,CCCCN(C(S)=S)CCCC
litpcba_ESR1_ago__L000281,[O-]C(C(C(C(C(C(C(F)(F)F)(F)F)(F)F)(F)F)(F)F)(F)F)=O
litpcba_ESR1_ago__L000282,CC[N+](CC[C@](c1ccccc1)(C2CCCCC2)O)(CC)CC
litpcba_ESR1_ago__L000283,CC1([C@@H](O)[C@H](N2C(=O)CCC2)c(c3O1)cc(C#N)cc3)C
litpcba_ESR1_ago__L000284,C[C@@H](OCCO)COCCO
litpcba_ESR1_ago__L000285,NC(C(F)=CN([C@H]1O[C@@H](CO)SC1)C2=O)=N2
litpcba_ESR1_ago__L000286,Oc1c(c2c(Cl)cc1)CCC2
litpcba_ESR1_ago__L000287,CC(CCC[C@H]([NH2+]C(C)C)C)C
litpcba_ESR1_ago__L000288,ClC(OCCOCCOC(Cl)=O)=O
litpcba_ESR1_ago__L000289,[NH3+]CCCCCC[NH2+]CCCCCC[NH3+]
litpcba_ESR1_ago__L000290,BrCCCCCCBr
litpcba_ESR1_ago__L000291,CCN(c1cc(S(NCC[n+]2ccccc2)(=O)=O)c(\N=N\c3ccc(S(N(C)C)(=O)=O)cc3)cc1)CC
litpcba_ESR1_ago__L000292,CCC[C@H]1C[N@@H+](C)[C@H](C(N[C@@H]([C@@H]2[C@H](O)[C@H](O)[C@@H](O)[C@@H](SC)O2)[C@@H](Cl)C)=O)C1
litpcba_ESR1_ago__L000293,NNS(c1ccc(Oc2ccc(S(NN)(=O)=O)cc2)cc1)(=O)=O
litpcba_ESR1_ago__L000294,CNC(O\N=C(\C(N(C)C)=O)/SC)=O
litpcba_ESR1_ago__L000295,CCN1C(=O)C(c2ccccc2)(c3ccccc3)[C@H](CC[NH+]4CCOCC4)C1
litpcba_ESR1_ago__L000296,Cc1cc(c2c(O)c1)O[C@@]([C@@H]([C@@]3([C@@H]4C(C)(C)CCC3)CO5)[C@H]25)(C)CC4
litpcba_ESR1_ago__L000297,C[C@@H]1N(C(NC2CCCCC2)=O)C(=O)S[C@H]1c3ccc(Cl)cc3
litpcba_ESR1_ago__L000298,FC(c1cc(N=C=O)ccc1)(F)F
litpcba_ESR1_ago__L000299,[O-][N+](c1c(Cl)c([N+]([O-])=O)cc(C(F)(F)F)c1)=O
litpcba_ESR1_ago__L000300,ClC(\C=C\C(Cl)=O)=O
litpcba_ESR1_ago__L000301,C[NH+]([C@@H]1C([O-])=C(C(N)=O)C(=O)[C@](O)([C@H]12)C([O-])=C([C@@H]3[C@@H]2O)C(=O)c(c4C3=C)c([O-])ccc4Cl)C
litpcba_ESR1_ago__L000302,C[NH+](CCC[NH+](CCC[NH+](C)C)C)C
litpcba_ESR1_ago__L000303,CC[NH+](CCOc1c(C(CCc2ccccc2)=O)cccc1)CC
litpcba_ESR1_ago__L000304,[O-]C(c1cc(C([O-])=O)c(C([O-])=O)cc1)=O
litpcba_ESR1_ago__L000305,CCSc1cc(c2cc1)N(CCC[NH+]3CCN(C)CC3)c(c4S2)cccc4
litpcba_ESR1_ago__L000306,CCCCCCCCC[C@@H](C=O)C
litpcba_ESR1_ago__L000307,CCCC(N1CCN(c2nc(c3c(N)n2)cc(OC)c(OC)c3)CCC1)=O
litpcba_ESR1_ago__L000308,CC[N@@H+](\C(\NC)=C\[N+]([O-])=O)Cc1cnc(Cl)cc1
litpcba_ESR1_ago__L000309,COc1ccc(NC(CC(C)=O)=O)cc1
litpcba_ESR1_ago__L000310,OC(c1ccccc1)(c2ccccc2)C(OC3C[C@@H]([N+]4(CCCC4)[C@H]5C3)CC5)=O
litpcba_ESR1_ago__L000311,CC[NH+](Cc1n(c2c(C(c3c(Cl)cccc3)=O)cc([N+]([O-])=O)cc2)ccn1)CC
litpcba_ESR1_ago__L000312,CC(C(OCCOCCOC(C(C)=C)=O)=O)=C
litpcba_ESR1_ago__L000313,COc1c(OCCC[NH+]2CCC(c3c(c4on3)ccc(F)c4)CC2)ccc(C(C)=O)c1
litpcba_ESR1_ago__L000314,Nc1c(N)cc([N+]([O-])=O)cc1
litpcba_ESR1_ago__L000315,OCC[N@H+]1[C@H](CO)[C@@H](O)[C@H](O)[C@@H](O)C1
litpcba_ESR1_ago__L000316,CCC(OCCOc1ccccc1)=O
litpcba_ESR1_ago__L000317,CCCC[C@](C\C=C\[C@@H]1[C@@H](CCCCCCC(OC)=O)C(=O)C[C@H]1O)(O)C
litpcba_ESR1_ago__L000318,COc1c(N)cc2c(c(c3o2)cccc3)c1
litpcba_ESR1_ago__L000319,CCOC([C@H](Oc1ccc(Oc2nc(c3o2)ccc(Cl)c3)cc1)C)=O
litpcba_ESR1_ago__L000320,CCC(O[C@@](c1ccccc1)([C@H](C[NH+](C)C)C)Cc2ccccc2)=O
litpcba_ESR1_ago__L000321,CC(C(OCCCCOC(C(C)=C)=O)=O)=C
litpcba_ESR1_ago__L000322,CCOc1ccc(NC(Nc2ccc(OCC)cc2)=C)cc1
litpcba_ESR1_ago__L000323,C[NH2+]C(Cc1ccccc1)(C)C
litpcba_ESR1_ago__L000324,OCCOc1ccc(OCCO)cc1
litpcba_ESR1_ago__L000325,Oc1c(C2CCCC2)cc(Cl)cc1
litpcba_ESR1_ago__L000326,CN1S(=O)(=O)c(c2C(O)=C1C(Nc3ncccc3)=O)ccs2
litpcba_ESR1_ago__L000327,N#CC(c1ccccc1)c2ccccc2
litpcba_ESR1_ago__L000328,CCC(O[C@@H](C(C)C)O[P@@](CC(N1[C@H](C([O-])=O)C[C@@H](C2CCCCC2)C1)=O)(CCCCc3ccccc3)=O)=O
litpcba_ESR1_ago__L000329,CCOC(CC(CCl)=O)=O
litpcba_ESR1_ago__L000330,CC([NH2+]C[C@H](COc1c(n2cccc2)cccc1)O)C
litpcba_ESR1_ago__L000331,CCCC(O[C@H](P(OC)(OC)=O)C(Cl)(Cl)Cl)=O
litpcba_ESR1_ago__L000332,CCc1c(c2c(S([O-])(=O)=O)c1)cccc(C(C)C)c2
litpcba_ESR1_ago__L000333,COc1c(OC)c(c2cc1)C(=O)O[C@@H]2[C@H]3c(c4CC[N@@H+]3C)c(OC)c(c5c4)OCO5
litpcba_ESR1_ago__L000334,[O-]C([C@H]1N(C([C@H]2NC(=O)CC2)=O)CSC1)=O
litpcba_ESR1_ago__L000335,CC(OCC([C@@]1([C@](C)([C@H]2CC1)C[C@H](O)[C@@](F)([C@H]23)[C@](C)(C(=C4)CC3)C=CC4=O)O)=O)=O
litpcba_ESR1_ago__L000336,C[C@@H]1C([C@@]2(C)[C@H]([C@H]3C1)[C@@H](O)C[C@@](C)([C@H]34)[C@](C(COC(C)=O)=O)(O)CC4)=CC(=O)C=C2
litpcba_ESR1_ago__L000337,CC([C@@H](\C=C\C(CCC=C)=O)C(C)(C)CC1)=C1
litpcba_ESR1_ago__L000338,[O-][N+](c1sc(N2C(=O)NCC2)nc1)=O
litpcba_ESR1_ago__L000339,COc1c(OC)cc(c2c1)[C@@H](c3ccccc3)C[N@H+](C)CC2
litpcba_ESR1_ago__L000340,COc1c(OC)c(OC)cc(C(O[C@@H](C[NH+]2CCOCC2)COCCC(C)C)=O)c1
litpcba_ESR1_ago__L000341,CCON=C(C(C(=O)C[C@H](c1c(C)cc(C)cc1C)C2)=C2[O-])CC
litpcba_ESR1_ago__L000342,CN1CC[N@H+]([C@@H](c2ccc(Cl)cc2)c3ccccc3)CCC1
litpcba_ESR1_ago__L000343,CCCCO[C@H](O[C@@H](CO[C@H](CC)O)C)CC
litpcba_ESR1_ago__L000344,C[C@@H]([NH+]1CC(=O)NC(=O)C1)CN2CC(=O)NC(=O)C2
litpcba_ESR1_ago__L000345,C[NH+](CCc1c(c2[nH]c1)c(O)ccc2)C
litpcba_ESR1_ago__L000346,CN(C(NC(=O)C=C1)=N1)C2CCN(c3n(Cc4ccc(F)cc4)c(c5n3)cccc5)CC2
litpcba_ESR1_ago__L000347,Oc1cc(O)c(C(Oc(c2C3=O)cc(O)cc2[O-])=C3[O-])cc1
litpcba_ESR1_ago__L000348,Clc1cc(Cl)c(C(Cl)(Cl)Cl)cc1
litpcba_ESR1_ago__L000349,CC(c1c(S(C)(=O)=O)cc(C([NH+]=C(N)N)=O)cc1)C
litpcba_ESR1_ago__L000350,COc1c(C(N[C@@H]2C(=O)N([C@@H]23)[C@@H](C([O-])=O)C(C)(C)S3)=O)c(OC)ccc1
litpcba_ESR1_ago__L000351,CCC1(C(=O)[NH+]=C([O-])NC1=O)CC
litpcba_ESR1_ago__L000352,O[C@@H]1[C@H](C([O-])=O)[C@H]([C@H]2CC1)C[C@H]([N@H+]3C2)c4c(c(c5[nH]4)cccc5)CC3
litpcba_ESR1_ago__L000353,[O-][N+](c1cc(I)ccc1)=O
litpcba_ESR1_ago__L000354,NC(C(C#N)(Br)Br)=O
litpcba_ESR1_ago__L000355,C[N@@H+](Cc1c(c2ccc1)cccc2)C\C=C\c3ccccc3
litpcba_ESR1_ago__L000356,Oc1c(O)c(c(c(c2cc(O)c3O)c3OC4=O)c4c1)OC2=O
litpcba_ESR1_ago__L000357,CCCCNS(c1ccc(C)cc1)(=O)=O
litpcba_ESR1_ago__L000358,Nc1n(c2ccccc2)nnn1
litpcba_ESR1_ago__L000359,Cc1c(C(N[C@@H]2C(=O)N([C@@H]23)[C@@H](C([O-])=O)C(C)(C)S3)=O)c(c4c(Cl)cccc4)no1
litpcba_ESR1_ago__L000360,C=CCOC(C=CC(OCC=C)=O)=O
litpcba_ESR1_ago__L000361,CCCCCCCCCCl
litpcba_ESR1_ago__L000362,Cc1c(C)cc(c2c1)sc(N)n2
litpcba_ESR1_ago__L000363,C\C=C(\C(OCc1ccccc1)=O)/C
litpcba_ESR1_ago__L000364,CCCCCCCC(OC[C@@H](CO)O)=O
litpcba_ESR1_ago__L000365,OC(c1ccccc1)(c2ccccc2)C#CC[NH+]3CCCC3
litpcba_ESR1_ago__L000366,CC1([C@H](C([O-])=O)N([C@@H]2S1)C(=O)[C@H]2NC([C@@H](c3cscc3)C([O-])=O)=O)C
litpcba_ESR1_ago__L000367,Fc1c(CCl)c(Cl)ccc1
litpcba_ESR1_ago__L000368,COc1cc(c2c(N[C@@H](CCC[NH3+])C)c1)cccn2
litpcba_ESR1_ago__L000369,CC(c1cc(C(N=C=O)(C)C)ccc1)=C
litpcba_ESR1_ago__L000370,[O-]c1c(Br)cc(C#N)cc1Br
litpcba_ESR1_ago__L000371,CCCCCCCCCCCSCC([O-])=O
litpcba_ESR1_ago__L000372,CC(C(OCCCCCCOC(C(C)=C)=O)=O)=C
litpcba_ESR1_ago__L000373,CC1CCC(NC(N(N=O)CCCl)=O)CC1
litpcba_ESR1_ago__L000374,Oc1c(c([C@]([C@](O)([C@H]2C3)CCC4=O)([C@H]45)CC[N@@H+]2CC6CC6)c3cc1)O5
litpcba_ESR1_ago__L000375,C[N@@+]1(CC(=C(c2sccc2)c3sccc3)CC4)[C@@H]4CCCC1
litpcba_ESR1_ago__L000376,CC(C[C@H](c1ccc(Cl)cc1)C(C(=O)Oc(c23)cccc2)=C3[O-])=O
litpcba_ESR1_ago__L000377,CCC(NS(c1ccc(c2c(c3ccccc3)noc2C)cc1)(=O)=O)=O
litpcba_ESR1_ago__L000378,CN(C(COC(Cc1ccc(OC(c2ccc(NC(N)=[NH2+])cc2)=O)cc1)=O)=O)C
litpcba_ESR1_ago__L000379,COC(c1c(C(N[C@@](C(C)C)(C)C2=O)=[NH+]2)cc(C)cc1)=O
litpcba_ESR1_ago__L000380,Clc1ncc([C@H]2[C@@H]([NH2+][C@H]3C2)CC3)cc1
litpcba_ESR1_ago__L000381,C([C@H]1OC1)Oc2ccc(Cc3ccc(OC[C@H]4OC4)cc3)cc2
litpcba_ESR1_ago__L000382,CCc1c(N(C(CCl)=O)[C@H](COC)C)c(C)ccc1
litpcba_ESR1_ago__L000383,Clc1c([C@@H]2S\C(=C(/n3cncc3)\C#N)\SC2)cccc1
litpcba_ESR1_ago__L000384,CCCCCC[C@@H](CCCC)CO
litpcba_ESR1_ago__L000385,COc1ccc(C2C(=O)c(c3C2=O)cccc3)cc1
litpcba_ESR1_ago__L000386,Clc1cc(c2cc1)N(CCC[NH+]3CCC4(SCC(=O)N4)CC3)c(c5S2)cccc5
litpcba_ESR1_ago__L000387,[O-]C([C@@H](Cc1ccccc1)CC(N2C[C@@H]([C@H]3C2)CCCC3)=O)=O
litpcba_ESR1_ago__L000388,CC([C@@]1(C(=O)NC(c2c(C([O-])=O)cc(c3n2)cccc3)=[NH+]1)C)C
litpcba_ESR1_ago__L000389,C[C@@H]([C@@H]1[C@](C)([C@H]2CC1)C(=O)C[C@H]3[C@H]2C(=O)C[C@@H]([C@@]34C)CC(=O)CC4)CCC([O-])=O
litpcba_ESR1_ago__L000390,c1cc2c(c(c3[nH]2)ccnc3)cc1
litpcba_ESR1_ago__L000391,CC[C@@H]1N[C@@H](c2ccccc2)[C@@H]([NH2+]Cc3c(OC)cc(c4c3)[C@H]([C@@H]5C(=O)N4C)C5)CC1
litpcba_ESR1_ago__L000392,COc1c(OC)c([C@@H](C2CC[NH+](CCc3ccc(F)cc3)CC2)O)ccc1
litpcba_ESR1_ago__L000393,ClC(C(Cl)(Cl)Cl)=O
litpcba_ESR1_ago__L000394,C[NH+](CCCN1c(c2Sc(c13)cccc3)cc(C(C)=O)cc2)C
litpcba_ESR1_ago__L000395,CC[NH+](CCc1c(c2[nH]c1)cccc2)CC
litpcba_ESR1_ago__L000396,[O-]C(c1ccc(OCCn2cncc2)cc1)=O
litpcba_ESR1_ago__L000397,Oc1c(C(c2c(O)cccc2)=O)cccc1
litpcba_ESR1_ago__L000398,CCCCCCCCN1C(=O)CCC1
litpcba_ESR1_ago__L000399,CCCCCCOC(c1cnccc1)=O
litpcba_ESR1_ago__L000400,[O-]C(C\C(\C([O-])=O)=C/C([O-])=O)=O
litpcba_ESR1_ago__L000401,CCCCc1nc(OCC[NH+](C)C)c(c2c1)cccc2
litpcba_ESR1_ago__L000402,CC(OP(OC(C)C)(CP(OC(C)C)(OC(C)C)=O)=O)C
litpcba_ESR1_ago__L000403,[O-]C(c1cc2c(n(Cc3noc(c4sc(Cl)cc4)c3)c(C(NC5CC[NH+](C6CC6)CC5)=O)n2)cc1)=O
litpcba_ESR1_ago__L000404,Oc1c(C(Nc2cc([N+]([O-])=O)ccc2)=O)cc(c3c1)cccc3
litpcba_ESR1_ago__L000405,CC[C@@H]([C@@H](c1c(c2c(O)cc1)C=CC(=O)N2)O)[NH2+]C(C)C
litpcba_ESR1_ago__L000406,CN1c(c2[C@H]([N@H+]3CC1=O)c(c4CC3)cccc4)ccc(Cl)c2
litpcba_ESR1_ago__L000407,Clc1ccc([C@H](c2c(Cl)cc(N3C(=O)NC(=O)C=N3)cc2Cl)C#N)cc1
litpcba_ESR1_ago__L000408,CC(O[C@H]1C(C)=CC[C@@H](C(C)=C)C1)=O
litpcba_ESR1_ago__L000409,Cc1cc([N+]([O-])=O)c([O-])c([N+]([O-])=O)c1
litpcba_ESR1_ago__L000410,CCCCCCI
litpcba_ESR1_ago__L000411,CC(\C=C\[C@H]1C(C)(C)CCC=C1C)=O
litpcba_ESR1_ago__L000412,[O-][N+](c1cc(c2cc1)C(=O)OC2=O)=O
litpcba_ESR1_ago__L000413,CN1C(\C=C\c2c(C)ccs2)=[NH+]CCC1
litpcba_ESR1_ago__L000414,CC([C@@](c1cncnc1)(c2ccc(OC(F)(F)F)cc2)O)C
litpcba_ESR1_ago__L000415,CCOC(\C=C\CC\C=C/CC)OCC
litpcba_ESR1_ago__L000416,CC(OC(Cc1ccccc1)(C)C)=O
litpcba_ESR1_ago__L000417,COc1c(F)cc(c2n(c3ccc(S(N)(=O)=O)cc3)nc(C(F)F)c2)cc1
litpcba_ESR1_ago__L000418,CO[C@@H]1[C@@H](C(OC)=O)[C@H]([C@@H]2C[C@H]1OC(COc3ccc(OC)cc3)=O)C[C@@H]([N@@H+]4C2)c5c(c(c6[nH]5)ccc(OC)c6)CC4
litpcba_ESR1_ago__L000419,CC(c1cc(c2cc1)N(CCC[NH+]3CCC(CCO)CC3)c(c4S2)cccc4)=O
litpcba_ESR1_ago__L000420,C[C@H](c1ccccc1)OC(C)=O
litpcba_ESR1_ago__L000421,CCC(N(c1ccccc1)C2CC[NH+](Cc3ccccc3)CC2)=O
litpcba_ESR1_ago__L000422,CCNc1nc(NC(C)C)nc(Cl)n1
litpcba_ESR1_ago__L000423,CC\C(\C)=C\CC[C@@](C=C)(O)C
litpcba_ESR1_ago__L000424,OC1(C(c2ccccc2)=O)CCCCC1
litpcba_ESR1_ago__L000425,CCC(OCc1ccc(OC)cc1)=O
litpcba_ESR1_ago__L000426,O[C@H]1[C@@H](O)[C@H](OC(C=Cc2cc(O)c(O)cc2)=O)C[C@@](C([O-])=O)(O)C1
litpcba_ESR1_ago__L000427,COc1c(C(C)C)ccc(C)c1
litpcba_ESR1_ago__L000428,Nc1c(N)cc(c2cc(N)c(N)cc2)cc1
litpcba_ESR1_ago__L000429,COC(C([C@@H](c1c(c2ccc1)non2)C(C(OC(C)C)=O)=C(C)N3)=C3C)=O
litpcba_ESR1_ago__L000430,C[C@@H]([NH2+][C@@H]([C@H](c1ccc(O)cc1)O)C)CCc2ccccc2
litpcba_ESR1_ago__L000431,O=C1[C@H]([C@H]2C(=O)O1)CC=CC2
litpcba_ESR1_ago__L000432,O[C@@H](COCC=C)CCl
litpcba_ESR1_ago__L000433,COc1c(OC)c(c2cc1)C(=O)O[C@@H]2[C@H]3c(c4CC[N@@H+]3C)cc(c5c4)OCO5
litpcba_ESR1_ago__L000434,Cn1c(SCC(CS[C@H]2N3C(=O)[C@H]2NC([C@@H](c4ccccc4)O)=O)=C3C([O-])=O)nnn1
litpcba_ESR1_ago__L000435,CCOC(COC(c1c([N+]([O-])=O)ccc(Oc2c(Cl)cc(C(F)(F)F)cc2)c1)=O)=O
litpcba_ESR1_ago__L000436,C[NH+]([C@@H]1C([O-])=C(C(N)=O)C(=O)[C@](O)([C@H]12)C([O-])=C([C@@H]3[C@@H]2O)C(=O)c(c4C3=C)c([O-])ccc4)C
litpcba_ESR1_ago__L000437,CSc1ccc(\C=C(/c(c23)ccc(F)c2)\C(C)=C3CC([O-])=O)cc1
litpcba_ESR1_ago__L000438,COC(C(=O)C(C)=C(CCCCCCCCCCO)C1=O)=C1OC
litpcba_ESR1_ago__L000439,Cc1c(Cl)cc(N)c(S([O-])(=O)=O)c1
litpcba_ESR1_ago__L000440,Cc1nc([N-]S(c2ccc(N)cc2)(=O)=O)ncc1
litpcba_ESR1_ago__L000441,CCCCCCCCCCCC(OC[C@H]([C@H]1[C@H](O)[C@@H](O)CO1)O)=O
litpcba_ESR1_ago__L000442,COC(C(Cl)Cl)(F)F
litpcba_ESR1_ago__L000443,Nc1c([N+]([O-])=O)cc([N+]([O-])=O)cc1
litpcba_ESR1_ago__L000444,COC(C(C(c1c([N+]([O-])=O)cccc1)C(C(OC)=O)=C(C)N2)=C2C)=O
litpcba_ESR1_ago__L000445,O=Cc1cc(Oc2ccccc2)ccc1
litpcba_ESR1_ago__L000446,CN(C(Oc1cc([C@@H](C[NH2+]C(C)(C)C)O)cc(OC(N(C)C)=O)c1)=O)C
litpcba_ESR1_ago__L000447,CCOP(SCSCC)(OCC)=S
litpcba_ESR1_ago__L000448,CCOC([C@H](NCC[NH2+][C@@H](C(OCC)=O)CS)CS)=O
litpcba_ESR1_ago__L000449,CCOC([C@@H]([NH2+][C@H](C(N1C(=O)N(C)C[C@H]1C([O-])=O)=O)C)CCc2ccccc2)=O
litpcba_ESR1_ago__L000450,O=C(OCc1ccccc1)Cc2ccccc2
litpcba_ESR1_ago__L000451,C[C@@H]1C[NH2+][C@@]2([C@@H](C)[C@@H]([C@H]3O2)[C@](C)([C@H]4C3)CC[C@@H]([C@H]45)[C@](C)([C@H]6CC5)CC[C@H](O)C6)CC1
litpcba_ESR1_ago__L000452,Cc1c(Cl)cc([N+]([O-])=O)cc1
litpcba_ESR1_ago__L000453,C[C@H]([NH+](C)C)[C@@H](c1ccccc1)O
litpcba_ESR1_ago__L000454,Cc1c(OC[C@H]2OC2)cccc1
litpcba_ESR1_ago__L000455,COc1cc(NC(CC(C)=O)=O)c(OC)cc1
litpcba_ESR1_ago__L000456,CC(N[C@H](C([O-])=O)CS)=O
litpcba_ESR1_ago__L000457,[O-]C(Cc1c(Nc2c(Cl)cccc2Cl)cccc1)=O
litpcba_ESR1_ago__L000458,CCCCCC(OC(=O)C=C1)=C1
litpcba_ESR1_ago__L000459,Cc1n(c2nn1)c(c3C(c4ccccc4)=NC2)ccc(Cl)c3
litpcba_ESR1_ago__L000460,ClC(SN1C(=O)[C@H]([C@H]2C1=O)CC=CC2)(Cl)Cl
litpcba_ESR1_ago__L000461,[NH3+]CCCN1CC[NH+](CCC[NH3+])CC1
litpcba_ESR1_ago__L000462,C[C@@H](c1cc2c(c(c3[nH]2)cc(Cl)cc3)cc1)C([O-])=O
litpcba_ESR1_ago__L000463,CCC1(c2ccccc2)C(=O)N(COC)C(=O)N(COC)C1=O
litpcba_ESR1_ago__L000464,CC(C(CCc1ccc(Cl)cc1)=O)(C)C
litpcba_ESR1_ago__L000465,C=COCC1CCC(COC=C)CC1
litpcba_ESR1_ago__L000466,[O-]C(\C=C\C(Nc1ccc(S(Nc2sccn2)(=O)=O)cc1)=O)=O
litpcba_ESR1_ago__L000467,C[C@H](CC=O)CCC=C(C)C
litpcba_ESR1_ago__L000468,CNC(C=NN(c1cc(C(F)(F)F)ccc1)C2=O)=C2Cl
litpcba_ESR1_ago__L000469,[O-][N+](c1c(Cl)ccc(C=O)c1)=O
litpcba_ESR1_ago__L000470,CCNC(NC(\C(\C#N)=N\OC)=O)=O
litpcba_ESR1_ago__L000471,CC([NH2+]C[C@H](COc1c(c2ccc1)CCC(=O)N2)O)(C)C
litpcba_ESR1_ago__L000472,COc1cc(C(C)(C)C)c(O)c(C(C)(C)C)c1
litpcba_ESR1_ago__L000473,O[C@@](c1ccccc1)(C2CCCCC2)CC[NH+]3CCCCC3
litpcba_ESR1_ago__L000474,CCC(OCc1ccccc1)=O
litpcba_ESR1_ago__L000475,Nc1cc(O)c(C([O-])=O)cc1
litpcba_ESR1_ago__L000476,CCNC([C@H](OC(Nc1ccccc1)=O)C)=O
litpcba_ESR1_ago__L000477,C[N@@H+]1C[C@@H](O)[C@@H](c2c(c3c([O-])cc2O)OC(c4c(Cl)cccc4)=CC3=O)CC1
litpcba_ESR1_ago__L000478,COC(CSc1c(Cl)cc(F)c(\N=C(\N(N2C3=O)CCCC2)/S3)c1)=O
litpcba_ESR1_ago__L000479,NNC(CP(c1ccccc1)(c2ccccc2)=O)=O
litpcba_ESR1_ago__L000480,CC(N(c1ccc(F)cc1)C(COc2sc(C(F)(F)F)nn2)=O)C
litpcba_ESR1_ago__L000481,C[NH+](CCC[NH2+]CCC[NH+](C)C)C
litpcba_ESR1_ago__L000482,CO[C@@]1([C@H](COC(N)=O)C2=C3C(=O)C(C)=C([NH3+])C2=O)[N@]3C[C@@H]([C@@H]14)[NH2+]4
litpcba_ESR1_ago__L000483,C[NH+]([C@H]1CC2)[C@H]2CC(OC(c3cc(C)cc(C)c3)=O)C1
litpcba_ESR1_ago__L000484,Fc1c(C(NC(Nc2c(F)c(Cl)c(F)c(Cl)c2)=O)=O)c(F)ccc1
litpcba_ESR1_ago__L000485,CC[C@@H](c1ccccc1)C(OCC[NH+](CC)CC)=O
litpcba_ESR1_ago__L000486,O=C(c1ccccc1)OCCCCCCOC(c2ccccc2)=O
litpcba_ESR1_ago__L000487,CCOP(Oc1nn(c2ccccc2)cn1)(OCC)=S
litpcba_ESR1_ago__L000488,ClSC(Cl)(Cl)Cl
litpcba_ESR1_ago__L000489,BrC(Br)Br
litpcba_ESR1_ago__L000490,CN1S(=O)(=O)c(c2N[C@H]1CSCC(F)(F)F)cc(S(N)(=O)=O)c(Cl)c2
litpcba_ESR1_ago__L000491,C[C@@H]1C([C@@]2(C)[C@H]([C@H]3C1)[C@@H](O)C[C@@](C)([C@H]34)[C@](C(CO)=O)(O)CC4)=CC(=O)C=C2
litpcba_ESR1_ago__L000492,CC(C[C@@H](CC([O-])=O)C[NH3+])C
litpcba_ESR1_ago__L000493,CCCCOc1c(N)ccc(C(OCC[NH+](CC)CC)=O)c1
litpcba_ESR1_ago__L000494,ClCCOP(OCCCl)(OCCCl)=O
litpcba_ESR1_ago__L000495,CC[C@@]1(C2=C(C(=O)N3C(c(c4C3)nc(c5c4)ccc(O)c5C[NH+](C)C)=C2)COC1=O)O
litpcba_ESR1_ago__L000496,CC(CC(Nc1ccc(S([O-])(=O)=O)cc1)=O)=O
litpcba_ESR1_ago__L000497,Fc1c(Br)cc(C=O)cc1
litpcba_ESR1_ago__L000498,CCCCCCCCC(NCc1cc(OC)c(O)cc1)=O
litpcba_ESR1_ago__L000499,CCCC(OCCC(C)C)=O
litpcba_ESR1_ago__L000500,CCCCNP(N)(N)=S
litpcba_ESR1_ago__L000501,O=C(c1cc(C(Oc2ccccc2)=O)ccc1)Oc3ccccc3
litpcba_ESR1_ago__L000502,CC(\C(=C\c1ccc([S@@](C)=O)cc1)\c(c23)ccc(F)c2)=C3CC([O-])=O
litpcba_ESR1_ago__L000503,C[C@](C=C)(CC[C@@H]1[C@](C)([C@H]2CC[C@]1(O)C)CCCC2(C)C)O
litpcba_ESR1_ago__L000504,CC(c1c(O)cc(C)cc1)C
litpcba_ESR1_ago__L000505,CCCCCCCCCCCl
litpcba_ESR1_ago__L000506,C[C@H](c1ncccc1)C(c(c2C3)cccc2)=C3CC[NH+](C)C
litpcba_ESR1_ago__L000507,Oc1cc2c(C3(c(c4C(=O)O3)cccc4)c(c5O2)ccc(O)c5)cc1
litpcba_ESR1_ago__L000508,C[C@H]1[N@H+](CCCOC(c2ccccc2)=O)CCCC1
litpcba_ESR1_ago__L000509,COc1ccc(C(CC(c2ccc(C(C)(C)C)cc2)=O)=O)cc1
litpcba_ESR1_ago__L000510,[NH3+]C1(CC2C3)CC(CC3C1)C2
litpcba_ESR1_ago__L000511,CCOC(c1ccc(OCC[N@H+]2[C@H](CO)[C@@H](O)[C@H](O)[C@@H](O)C2)cc1)=O
litpcba_ESR1_ago__L000512,CN1CC[NH+](C(c2ccccc2)c3ccccc3)CC1
litpcba_ESR1_ago__L000513,CCC(\C=C\c1ccc(OC)cc1)=O
litpcba_ESR1_ago__L000514,COc1c(OC)cc(\C=C\C(Nc2c(C([O-])=O)cccc2)=O)cc1
litpcba_ESR1_ago__L000515,Cc1c(O)c(C[NH3+])c(COP([O-])([O-])=O)cn1
litpcba_ESR1_ago__L000516,COC(C[C@H](\C=C\c1cc(c2cc1)OCO2)OC3=O)=C3
litpcba_ESR1_ago__L000517,[O-]C(c1cc(Oc2ccccc2)ccc1)=O
litpcba_ESR1_ago__L000518,NC(N[C@H](C([O-])=O)CCC([O-])=O)=O
litpcba_ESR1_ago__L000519,CCCCCCCCCC[N+]([O-])(C)C
litpcba_ESR1_ago__L000520,Fc1c(C(c(c(c2CC3)N3C(=O)[C@@H]4NC(c5[nH]c(c6c5)cccc6)=O)ccc2)=N4)cccc1
litpcba_ESR1_ago__L000521,CCCOC[C@H](OC[C@H](O)C)C
litpcba_ESR1_ago__L000522,Cc1c(NC(C[NH+](CC([O-])=O)CC([O-])=O)=O)c(C)ccc1
litpcba_ESR1_ago__L000523,C[NH+]1CCN(C(c(c2Nc(c34)cccc3)cc(C)s2)=[NH+]4)CC1
litpcba_ESR1_ago__L000524,CS(c1c(Cl)cc([C@H](C(Nc2nccnc2)=O)CC3CCCC3)cc1)(=O)=O
litpcba_ESR1_ago__L000525,CC(c1cc(c2cc1)ccc(C(C)(C)C)c2S([O-])(=O)=O)(C)C
litpcba_ESR1_ago__L000526,[O-]C(c1c(Cl)cc(Cl)cc1)=O
litpcba_ESR1_ago__L000527,CCOC(c1ccc(O)cc1)=O
litpcba_ESR1_ago__L000528,CC([NH2+]C[C@H](c1c(Cl)cccc1)O)(C)C
litpcba_ESR1_ago__L000529,CC1(C(=O)N(Cl)C(=O)N1Br)C
litpcba_ESR1_ago__L000530,CS\C(\C)=N\OC(N(SN(C(O\N=C(\SC)/C)=O)C)C)=O
litpcba_ESR1_ago__L000531,Cn1c(c2c(C([C@H]3Cc(c4CC3)[nH]cn4)=O)c1)cccc2
litpcba_ESR1_ago__L000532,CO[C@@H](C(C(=O)C([NH+]1CC1)=C(C)C2=O)=C2[NH+]3CC3)COC(N)=O
litpcba_ESR1_ago__L000533,CC(CS[C@H]1N2C(=O)[C@H]1NC([C@@H](C(CC=CC3)=C3)[NH3+])=O)=C2C([O-])=O
litpcba_ESR1_ago__L000534,Cc1n(c2ccc([N+]([O-])=O)cc2)cc([N+]([O-])=O)n1
litpcba_ESR1_ago__L000535,COc1c(N2CC[NH+](CCCC(c3ccc(F)cc3)=O)CC2)cccc1
litpcba_ESR1_ago__L000536,C[N@H+]1Cc(c2[C@@H](c3ccccc3)OCC1)cccc2
litpcba_ESR1_ago__L000537,CC(OOC(CCC(OOC(C)(C)C)(C)C)(C)C)(C)C
litpcba_ESR1_ago__L000538,CCC(C(=O)N(C(NCCc1ccc(S(NC(NC2CCC(C)CC2)=O)(=O)=O)cc1)=O)C3)=C3C
litpcba_ESR1_ago__L000539,CC([NH2+]C[C@H]1Nc(c2CC1)cc([N+]([O-])=O)c(CO)c2)C
litpcba_ESR1_ago__L000540,CCOc1c(C(N[C@@H]2C(=O)N([C@@H]23)[C@@H](C([O-])=O)C(C)(C)S3)=O)c(c4cc1)cccc4
litpcba_ESR1_ago__L000541,C[N@@H+]1C[C@H]2[N@@](c(c3Cc(c24)cccc4)nccc3)CC1
litpcba_ESR1_ago__L000542,O[C@@H](C([O-])=O)[C@H](C([O-])=O)O
litpcba_ESR1_ago__L000543,ClCc1cc(C=C)ccc1
litpcba_ESR1_ago__L000544,CCCC(O[C@@]1(C(COC(CC)=O)=O)[C@](C)([C@H]2C[C@@H]1C)C[C@H](O)[C@@](F)([C@H]23)[C@](C)(C(=C4)CC3)C=CC4=O)=O
litpcba_ESR1_ago__L000545,CC(OP(OC(C)C)(F)=O)C
litpcba_ESR1_ago__L000546,CC1([C@H](C([O-])=O)N([C@@H]2S1)C(=O)[C@H]2NC([C@@H](c3ccccc3)C(Oc4cc(c5cc4)CCC5)=O)=O)C
litpcba_ESR1_ago__L000547,CC(N[C@@H](C([O-])=O)CCC(N)=O)=O
litpcba_ESR1_ago__L000548,COC([C@H](c1ccccc1)C)OC
litpcba_ESR1_ago__L000549,CC(\C(=C\c1ccc(S(C)(=O)=O)cc1)\c(c23)ccc(F)c2)=C3CC([O-])=O
litpcba_ESR1_ago__L000550,C\C(\c1c(O)cccc1)=N/Cc2ccccc2
litpcba_ESR1_ago__L000551,C[NH+](CC\C=C(/c(c1SC2)cccc1)\c3c2cccc3)C
litpcba_ESR1_ago__L000552,CC\C=C/CC(C(=O)CC1)=C1C
litpcba_ESR1_ago__L000553,COC([C@H](N(c1c(C)cccc1C)C(c2ccco2)=O)C)=O
litpcba_ESR1_ago__L000554,[O-][N+](c1c(CCl)cccc1)=O
litpcba_ESR1_ago__L000555,C[C@@H]([C@@H](c1cc(O)c(O)cc1)O)[NH3+]
litpcba_ESR1_ago__L000556,Oc1c(c2cc(S([O-])(=O)=O)c1)ccc(Nc3ccccc3)c2
litpcba_ESR1_ago__L000557,C[N+]1(C[C@@H](OC(C(c2ccccc2)(c3ccccc3)O)=O)C4CC1)CC4
litpcba_ESR1_ago__L000558,Cc1c(c(c(c(c2c([O-])cc3[O-])c3C4=O)c5C(C)(C)C2=O)c4c([O-])c1)c(O)c5
litpcba_ESR1_ago__L000559,NC(N([C@@H]1C=C[C@H](Oc2cc(Oc3ccc(F)cc3)ccc2)C1)O)=O
litpcba_ESR1_ago__L000560,Clc1ccc(Cn2c(c3nc2C[NH+]4CCCC4)cccc3)cc1
litpcba_ESR1_ago__L000561,NS(c1ccc(C([O-])=O)cc1)(=O)=O
litpcba_ESR1_ago__L000562,CCCCCCNC(N1C(=O)NC(=O)C(F)=C1)=O
litpcba_ESR1_ago__L000563,CC(c1ccc([C@@H](CCC[NH+]2CCC(C(c3ccccc3)(c4ccccc4)O)CC2)O)cc1)(C([O-])=O)C
litpcba_ESR1_ago__L000564,ClC(C(Cl)(Cl)Cl)Cl
litpcba_ESR1_ago__L000565,COc1cc(C)c(Nc2ccccc2)cc1
litpcba_ESR1_ago__L000566,CC(CCOC(c1ccccc1)=O)C
litpcba_ESR1_ago__L000567,NS(c1ccc(C[NH3+])cc1)(=O)=O
litpcba_ESR1_ago__L000568,CCO[P@](c1ccccc1)(Oc2ccc([N+]([O-])=O)cc2)=S
litpcba_ESR1_ago__L000569,CC[NH+](CCNc1c(c2c(CO)cc1)C(=O)c(c3S2)cccc3)CC
litpcba_ESR1_ago__L000570,[O-]C(N(Cl)C(=O)N(Cl)C1=O)=N1
litpcba_ESR1_ago__L000571,NNc1c(c2c(Cc3ccncc3)nn1)cccc2
litpcba_ESR1_ago__L000572,CCCCN1C(=O)c(c2C1=O)cccc2
litpcba_ESR1_ago__L000573,COP(Oc1ccc([N+]([O-])=O)cc1)(OC)=O
litpcba_ESR1_ago__L000574,CC1([NH2+]C[C@H](CC([O-])=O)OC1)C
litpcba_ESR1_ago__L000575,CC[NH+](CCNC(c1c(OC)cc(N)c(Br)c1)=O)CC
litpcba_ESR1_ago__L000576,CCCCc1c(OCc2ccccc2)cc(c3c1)NC=C(C(OC)=O)C3=O
litpcba_ESR1_ago__L000577,C(Cc1ncccc1)Cc2ccccc2
litpcba_ESR1_ago__L000578,COC(c1c(S(NC(Nc2nc(OC)nc(C)n2)=O)(=O)=O)ccs1)=O
litpcba_ESR1_ago__L000579,CC[C@H](SS[C@@H](CC)C)C
litpcba_ESR1_ago__L000580,Oc1ccc(C(CBr)=O)cc1
litpcba_ESR1_ago__L000581,OC[C@H]([C@H]([C@@H](C=O)O)O)O
litpcba_ESR1_ago__L000582,Cc1c(C)cc(Cl)c(O)c1
litpcba_ESR1_ago__L000583,COc1c(NC(c2c(O)cc(c3c2)cccc3)=O)cccc1
litpcba_ESR1_ago__L000584,BrCC(c1ccccc1)=O
litpcba_ESR1_ago__L000585,COc1c(c2ccc1)nc(N)s2
litpcba_ESR1_ago__L000586,O=C1[C@H](C2CCCCC2)CCCC1
litpcba_ESR1_ago__L000587,CCCCC(N([C@@H](C([O-])=O)C(C)C)Cc1ccc(c2c(c3[n-]nnn3)cccc2)cc1)=O
litpcba_ESR1_ago__L000588,OCCc1ccc([N+]([O-])=O)cc1
litpcba_ESR1_ago__L000589,ClCCCCBr
litpcba_ESR1_ago__L000590,C[C@H]1C[C@@H]2[C@H]([C@@H](C)[C@]3(C(C)=C([C@H]4CC3)C[C@@H]([C@H]45)[C@](C)(C6=CC5)CC[C@H](O)C6)O2)[NH2+]C1
litpcba_ESR1_ago__L000591,CC(N[C@H](C([O-])=O)Cc1ccccc1)=O
litpcba_ESR1_ago__L000592,CC[NH+]([C@@H](C(c1ccccc1)=O)C)CC
litpcba_ESR1_ago__L000593,CO[C@@H]1[C@H](OC)[C@@H](C(OC)=O)[C@H]([C@@H]2C1)C[C@@H]([N@@H+]3C2)c4c(c(c5[nH]4)ccc(OC)c5)CC3
litpcba_ESR1_ago__L000594,C[C@@H](OC(c1ccccc1)=O)COC(c2ccccc2)=O
litpcba_ESR1_ago__L000595,CN1S(=O)(=O)c(c2N[C@H]1CCl)cc(S(N)(=O)=O)c(Cl)c2
litpcba_ESR1_ago__L000596,O=C(\C=C\c1ccccc1)OC\C=C\c2ccccc2
litpcba_ESR1_ago__L000597,Cc1c([N+]([O-])=O)c(c2cc1)C(=O)c(c3C2=O)cccc3
litpcba_ESR1_ago__L000598,CC(OC(C(C(OC(C)C)=O)=C1SC=CS1)=O)C
litpcba_ESR1_ago__L000599,C[C@@H](C(N1[C@H](C([O-])=O)CCC1)=O)CS
litpcba_ESR1_ago__L000600,CCCCCCC(S)(C)C
litpcba_ESR1_ago__L000601,CC(OC(=O)c(c12)cccc1)=N2
litpcba_ESR1_ago__L000602,COCCOc1c(OCCOC)cc(c2c1)c(Nc3cc(C#C)ccc3)ncn2
litpcba_ESR1_ago__L000603,C[C@H]1[C@H](C(=C2C)[C@H](\C=C(\C([O-])=O)/C)CC1)CC2
litpcba_ESR1_ago__L000604,CCCCNC(NCCCC)=O
litpcba_ESR1_ago__L000605,[O-]C(c1cc(c2cc1)ccc(C([O-])=O)c2)=O
litpcba_ESR1_ago__L000606,CC([NH+](C(C)C)CC[C@](c1ncccc1)(c2ccccc2)C(N)=O)C
litpcba_ESR1_ago__L000607,O[C@@H]1C(=O)Nc(c2C(c3c(Cl)cccc3)=N1)ccc(Cl)c2
litpcba_ESR1_ago__L000608,CN(c1ccc(\N=N\c2cc(C)ccc2)cc1)C
litpcba_ESR1_ago__L000609,BrCCCCBr
litpcba_ESR1_ago__L000610,Cc1nc(N)c(C[n+]2c(C)c(CCO)sc2)cn1
litpcba_ESR1_ago__L000611,CC(NC(=O)N(C(C)(C)C)C1=O)=C1Cl
litpcba_ESR1_ago__L000612,CN(C(Cc1cc(Cl)c(Cl)cc1)=O)[C@@H]2[C@@H]([NH+]3CCCC3)C[C@@]4(OCCC4)CC2
litpcba_ESR1_ago__L000613,CCCCCCCCS(Cl)(=O)=O
litpcba_ESR1_ago__L000614,C[C@H](C([O-])=O)Oc1cc(Cl)ccc1
litpcba_ESR1_ago__L000615,C[C@@H]([C@@H]1C[C@@H](S)[C@H](C)CC1)CS
litpcba_ESR1_ago__L000616,COC(C1CCC(C(OC)=O)CC1)=O
litpcba_ESR1_ago__L000617,CS(c1c(COCC(F)(F)F)c(Cl)c(C(C2C(=O)CCCC2=O)=O)cc1)(=O)=O
litpcba_ESR1_ago__L000618,C[C@H]1[C@@](C)(C2=CC(=O)C1)C[C@H](C(C)=C)CC2
litpcba_ESR1_ago__L000619,CC[C@]1(c2ccccc2)C(=O)N(C)C(=O)NC1=O
litpcba_ESR1_ago__L000620,Cc1c(Oc2c(c3c(O)cc2)CCC3)c(C)cc(NC(C([O-])=O)=O)c1
litpcba_ESR1_ago__L000621,CC(CC(OCCOC(C(C)=C)=O)=O)=O
litpcba_ESR1_ago__L000622,CCn1c(C[C@@H]2Oc(c3OC2)cccc3)[nH+]cc1
litpcba_ESR1_ago__L000623,C[C@H]1[C@H]([C@H]2O[C@@]3([C@@H]([C@@]4(C)[C@H](O)O3)O4)C1)[C@](C)([C@@]5(C)C2)CC[C@@]([C@]6([C@H]7C8)CC[C@@H](O[C@H]9[C@H](O)[C@@H](O)[C@H](O)CO9)C7(C)C)(C5=C8)C6
litpcba_ESR1_ago__L000624,CC(N=C(N1C2=O)C=CC=C1)=C2CC[NH+]3CCC(C(c4ccc(F)cc4)=O)CC3
litpcba_ESR1_ago__L000625,Nc1c(C(Oc2cc(c3cc2)cccc3)=O)cccc1
litpcba_ESR1_ago__L000626,O[C@H]1[C@@H]([N@@H+]2CCC1)[C@H](O)[C@H](O)C2
litpcba_ESR1_ago__L000627,C#CC[NH2+][C@H]1c(c2CC1)cccc2
litpcba_ESR1_ago__L000628,COc1cc([C@@H](CNC(C[NH3+])=O)O)c(OC)cc1
litpcba_ESR1_ago__L000629,COC([C@@H](CBr)Br)=O
litpcba_ESR1_ago__L000630,COC(CCC[C@@H](CC=O)C)(C)C
litpcba_ESR1_ago__L000631,CCOCCOCCOC(C=C)=O
litpcba_ESR1_ago__L000632,CCOc1c(OCC)c(OCC)cc(c2c(c3ccn2)cc(OC)c(OC)c3)c1
litpcba_ESR1_ago__L000633,NC(Nc(c1C2=S)nc[nH]1)=N2
litpcba_ESR1_ago__L000634,COc1c(N2CC[NH+](C[C@@H](COc3c(c4ccc3)cccc4)O)CC2)cccc1
litpcba_ESR1_ago__L000635,ClC(NC(=O)C(Cl)=C1)=C1Cl
litpcba_ESR1_ago__L000636,CCCCc1cc(c2cc1)c(S([O-])(=O)=O)ccc2
litpcba_ESR1_ago__L000637,CCOC(c1cc(N)ccc1)=O
litpcba_ESR1_ago__L000638,CCCCNc1c(Oc2ccccc2)c(S(N)(=O)=O)cc(C([O-])=O)c1
litpcba_ESR1_ago__L000639,CC(N[C@H](C([O-])=O)CCC([O-])=O)=O
litpcba_ESR1_ago__L000640,Cc1nc(N)c(CNC(N(N=O)CCCl)=O)cn1
litpcba_ESR1_ago__L000641,CCOP(Oc1ccc([N+]([O-])=O)cc1)(OCC)=O
litpcba_ESR1_ago__L000642,OCC(n1c(c2nc(Oc3ccccc3)ncc2)c(c4ccc(F)cc4)nc1)CO
litpcba_ESR1_ago__L000643,CN\C(\NCCSCc1nc([NH+]=C(N)N)sc1)=N/C#N
litpcba_ESR1_ago__L000644,CC(SCc1ccco1)C
litpcba_ESR1_ago__L000645,CCOP(SCCl)(OCC)=S
litpcba_ESR1_ago__L000646,C(c1ccccc1)[NH2+]Cc2ccccc2
litpcba_ESR1_ago__L000647,CCCCCCCCOC(C=C)=O
litpcba_ESR1_ago__L000648,CC([C@H]1[C@](Cn2ncnc2)(O)[C@H](Cc3ccc(Cl)cc3)CC1)C
litpcba_ESR1_ago__L000649,CCOC(C(C[C@H]([NH3+])[C@@H](NC(C)=O)[C@@H]1OC(CC)CC)=C1)=O
litpcba_ESR1_ago__L000650,COc1c(OC)c(OC)cc(C(N[C@H]2C[NH2+]CCC2)=O)c1
litpcba_ESR1_ago__L000651,CCCC[N+](CCCC)(CCCC)C
litpcba_ESR1_ago__L000652,[O-]P(Oc1ccccc1)(Oc2ccccc2)=O
litpcba_ESR1_ago__L000653,C[C@]1(C(=O)C2(C)C)C[C@@H]2CC1
litpcba_ESR1_ago__L000654,C[C@H]([C@]1(C)c(c2C3)cc(O)cc2)[C@@H]3[N@@H+](CC=C(C)C)CC1
litpcba_ESR1_ago__L000655,COc1c(OC)cc(Cc2c(N)nc(N)nc2)c(C)c1
litpcba_ESR1_ago__L000656,O[C@@H]1[C@@H]([C@]2(c(c3c(O)cc4)c4C5)[C@H]([C@@H]5[N@@H+](CC=C)CC2)C=C1)O3
litpcba_ESR1_ago__L000657,CC(C(c1ccccc1)=O)(O)C
litpcba_ESR1_ago__L000658,[O-][N+](c1ccc(C(Cl)=O)cc1)=O
litpcba_ESR1_ago__L000659,CC(c1c(Cl)c(Cl)c(Cl)cc1)=O
litpcba_ESR1_ago__L000660,CCSC(N(CC(C)C)CC(C)C)=O
litpcba_ESR1_ago__L000661,[O-]P(C(P([O-])([O-])=O)Sc1ccc(Cl)cc1)([O-])=O
litpcba_ESR1_ago__L000662,[O-]S(c1cc(c2cc1)C(=O)\C(=C(\C(=O)c(c34)cc(S([O-])(=O)=O)cc3)/N4)\N2)(=O)=O
litpcba_ESR1_ago__L000663,C[N@@H+](CCc1ccc(NS(C)(=O)=O)cc1)CCOc2ccc(NS(C)(=O)=O)cc2
litpcba_ESR1_ago__L000664,C[C@H]([C@H]1C(=O)N([C@@H]12)C(C([O-])=O)=C(SCCNC=[NH2+])C2)O
litpcba_ESR1_ago__L000665,CC(CN(\N=C\c1cnccc1)C(=O)N2)=N2
litpcba_ESR1_ago__L000666,FC1(CN(C(C[NH2+]C2C[C@@H](N(c3ncccn3)[C@H]4C2)CC4)=O)[C@H](C#N)C1)F
litpcba_ESR1_ago__L000667,C[C@@H]([C@@H]1[C@](C)([C@H](\C(\C2)=C\C=C(\C[C@@H](O)C[C@@H]3O)/C3=C)CC1)CC2)\C=C\[C@H](C4CC4)O
litpcba_ESR1_ago__L000668,Cc1c([N+]([O-])=O)c(c2cc1)cccc2
litpcba_ESR1_ago__L000669,O=C=NC1CCC(CC2CCC(N=C=O)CC2)CC1
litpcba_ESR1_ago__L000670,[O-][N+](c1cc(S(NCCNS(c2cc([N+]([O-])=O)ccc2)(=O)=O)(=O)=O)ccc1)=O
litpcba_ESR1_ago__L000671,CCC[C@@H](C(OCC)=O)[NH2+][C@H](C(N1[C@H](C([O-])=O)C[C@@H]([C@@H]12)CCCC2)=O)C
litpcba_ESR1_ago__L000672,Nc1c2c(n([C@H]3[C@@H](F)[C@H](O)[C@@H](CO)O3)cn2)nc(Cl)n1
litpcba_ESR1_ago__L000673,Clc1c(c2nc(c3ccncc3)no2)cccc1
litpcba_ESR1_ago__L000674,[O-][N+](c1cc(c2cc1)cn[nH]2)=O
litpcba_ESR1_ago__L000675,Cc1c(NC(C[NH+]2CCCCCC2)=O)c(C)ccc1
litpcba_ESR1_ago__L000676,CCCC[C@H](CN1C(=O)[C@H]([C@@H]2C1=O)[C@@H]3C[C@H]2C=C3)CC
litpcba_ESR1_ago__L000677,[O-]C(C(C(=O)c(c1N2C3CC3)cc(F)c(N4CC[NH2+]CC4)c1)=C2)=O
litpcba_ESR1_ago__L000678,C[N+]1(CCCCC1)C[C@H]2OC(c3ccccc3)(c4ccccc4)OC2
litpcba_ESR1_ago__L000679,CCCCCCC[C@H]1C(=O)CCC1
litpcba_ESR1_ago__L000680,Cc1cc(c(N2CC3)c3c1)C(c4ccccc4)=N[C@@H](NC(c5ccncc5)=O)C2=O
litpcba_ESR1_ago__L000681,CCOP(OCC)(Cl)=S
litpcba_ESR1_ago__L000682,CCCCCCc1ccc(N)cc1
litpcba_ESR1_ago__L000683,CC([C@@]1(C(=O)[NH+]=C(c2c(C([O-])=O)cc(C)cn2)N1)C)C
litpcba_ESR1_ago__L000684,COc1cc(c2cc1)n(CC([O-])=O)c(C)c2C(c3ccc(Cl)cc3)=O
litpcba_ESR1_ago__L000685,CCn1c(c2c(c13)cccc3)ccc(N)c2
litpcba_ESR1_ago__L000686,CCCSc1cc(c2cc1)[nH]c(NC(OC)=O)n2
litpcba_ESR1_ago__L000687,CCCCCC\C=C\C(OC)=O
litpcba_ESR1_ago__L000688,OC[C@H]([C@@H]1[C@H](O)[C@H]([C@@H]2O1)O[C@H](C(Cl)(Cl)Cl)O2)O
litpcba_ESR1_ago__L000689,COc1ccc(N=[N+](c2ccc(OC)cc2)[O-])cc1
litpcba_ESR1_ago__L000690,CN1C(=O)c(c2N(C)C1=O)n(C[C@@H](C[N@@H+](CCO)C)O)cn2
litpcba_ESR1_ago__L000691,CC(CCCC(CC[C@@H](C=O)C1)=C1)(O)C
litpcba_ESR1_ago__L000692,O=C1N(CCCC[NH+]2CCN(c3ncccn3)CC2)C(=O)[C@H]([C@H]14)[C@@H](C[C@@H]45)CC5
litpcba_ESR1_ago__L000693,C[NH+](CCOCC[N@@H+](CCO)C)C
litpcba_ESR1_ago__L000694,CC(C(OCCOP(OCCOC(C(C)=C)=O)([O-])=O)=O)=C
litpcba_ESR1_ago__L000695,COc1c(OC)cc(\C=N\NC(c2ccncc2)=O)cc1
litpcba_ESR1_ago__L000696,CNC(Oc1cc(C(C)C)ccc1)=O
litpcba_ESR1_ago__L000697,CCOC(OCC\C(\SC(OCC)=O)=C(\N(C=O)Cc1c(N)nc(C)nc1)/C)=O
litpcba_ESR1_ago__L000698,ClC(C(C(Cl)(Cl)Cl)=O)(Cl)Cl
litpcba_ESR1_ago__L000699,CCOC(COc1c(Cl)cc(Cl)cc1)=O
litpcba_ESR1_ago__L000700,CCC(O[C@@]1(C(SCF)=O)[C@](C)([C@H]2C[C@H]1C)C[C@H](O)[C@@](F)([C@H]23)[C@](C)(C(=C4)[C@@H](F)C3)C=CC4=O)=O
litpcba_ESR1_ago__L000701,C=CCN1C(=O)N(CC=C)C(=O)N(CC=C)C1=O
litpcba_ESR1_ago__L000702,CCOc1n(Cc2ccc(c3c(c4[n-]nnn4)cccc3)cc2)c(c5n1)c(C([O-])=O)ccc5
litpcba_ESR1_ago__L000703,Clc1cc(c2cc1)C(c3ccccc3)=NCC(=O)N2
litpcba_ESR1_ago__L000704,C[C@@H]([C@@H](c1ccc(O)cc1)O)[NH2+]CCc2ccc(O)cc2
litpcba_ESR1_ago__L000705,C[C@@H]([C@@]1(C)c(c2C3)cc(O)cc2)[C@H]3[N@H+](CCc4ccccc4)CC1
litpcba_ESR1_ago__L000706,CCOC([C@@H]([NH2+][C@H](C(N1[C@H](C([O-])=O)CCC1)=O)C)CCc2ccccc2)=O
litpcba_ESR1_ago__L000707,CC(Cn1c(c2nc1)c(c3nc2N)cccc3)C
litpcba_ESR1_ago__L000708,CCCN(c1c([N+]([O-])=O)cc(C(F)(F)F)cc1[N+]([O-])=O)CCCl
litpcba_ESR1_ago__L000709,CC(C(OCC(COC(C(C)=C)=O)(C)C)=O)=C
litpcba_ESR1_ago__L000710,CC(C(OC[C@@H]1OCCC1)=O)=C
litpcba_ESR1_ago__L000711,CC(C=CCC1(C)C)=C1C=O
litpcba_ESR1_ago__L000712,C(Cc1ccncc1)Cc2ccccc2
litpcba_ESR1_ago__L000713,CC[NH+](CCC(N1c(c2Sc(c13)cccc3)cc(C(F)(F)F)cc2)=O)CC
litpcba_ESR1_ago__L000714,CC(C#N)(Nc1nc(NC2CC2)nc(Cl)n1)C
litpcba_ESR1_ago__L000715,CC(NNc1ccccc1)=O
litpcba_ESR1_ago__L000716,[O-]C(COC(Cc1c(Nc2c(Cl)cccc2Cl)cccc1)=O)=O
litpcba_ESR1_ago__L000717,CCCC[NH2+]C(P([O-])=O)(C)C
litpcba_ESR1_ago__L000718,CO\N=C(\[C@@H](C[NH3+])CN1c2c(F)cc(c3n2)C(=O)C(C([O-])=O)=CN3C4CC4)/C1
litpcba_ESR1_ago__L000719,COc1cc(C(CC[NH2+][C@H]([C@@H](c2ccccc2)O)C)=O)ccc1
litpcba_ESR1_ago__L000720,CO[C@@H](CO[C@@H](CO[C@@H](CO)C)C)C
litpcba_ESR1_ago__L000721,[O-]P(c1ccccc1)([O-])=O
litpcba_ESR1_ago__L000722,BrCBr
litpcba_ESR1_ago__L000723,CC(COC(COc1c(Cl)cc(Cl)cc1)=O)C
litpcba_ESR1_ago__L000724,OC1(C(=O)c(c2C1=O)cccc2)O
litpcba_ESR1_ago__L000725,COC(c1c(S(NC(N(c2nc(OC)nc(C)n2)C)=O)(=O)=O)cccc1)=O
litpcba_ESR1_ago__L000726,[NH3+][C@H](C([O-])=O)Cc1ccccc1
litpcba_ESR1_ago__L000727,Cc1cc(C(NCCc2ccc(S(NC(N[NH+]3CCCCCC3)=O)(=O)=O)cc2)=O)no1
litpcba_ESR1_ago__L000728,OC(c1ccccc1)(c2ccccc2)[C@H]3C(CC[NH+]4C3)CC4
litpcba_ESR1_ago__L000729,C[C@H](COc1c(C)cccc1C)[NH3+]
litpcba_ESR1_ago__L000730,OCCOCCOC(c1c(Nc2cc(C(F)(F)F)ccc2)cccc1)=O
litpcba_ESR1_ago__L000731,CC([NH+](CCO)CCO)(C)C
litpcba_ESR1_ago__L000732,Cc1c(c2ccc1)n(c3s2)cnn3
litpcba_ESR1_ago__L000733,CSC(c1c(c2ccc1)snn2)=O
litpcba_ESR1_ago__L000734,CCC[C@H]([C@]1(C(=O)[NH+]=C([O-])NC1=O)CC)C
litpcba_ESR1_ago__L000735,COc1c(OC)c(OC)cc(CC(C)C)c1
litpcba_ESR1_ago__L000736,COc1nc(Sc2c(C([O-])=O)c(Cl)ccc2)nc(OC)c1
litpcba_ESR1_ago__L000737,CCCN1c(c2C(=O)NC1=O)nc[nH]2
litpcba_ESR1_ago__L000738,CCCCCC[NH2+]CCCCCC
litpcba_ESR1_ago__L000739,COc1cc(c2cc1)c([C@H]([C@H]3[N@H+](C[C@H](C=C)[C@@H]4C3)CC4)O)ccn2
litpcba_ESR1_ago__L000740,CC(C(Oc1ccc(S(Nc2c(C(NCC([O-])=O)=O)cccc2)(=O)=O)cc1)=O)(C)C
litpcba_ESR1_ago__L000741,OCCNC(Cn1c([N+]([O-])=O)ncc1)=O
litpcba_ESR1_ago__L000742,CCC[C@H]1C(=O)N2N(C(N(C)C)=[NH+]c(c23)ccc(C)c3)C1=O
litpcba_ESR1_ago__L000743,C[NH+](CCN(c1ncccc1)Cc2ccccc2)C
litpcba_ESR1_ago__L000744,Cc1c(c2n(NC(c3c(C)nc(c4ncccc4)nc3)=O)c1)cc(F)cc2
litpcba_ESR1_ago__L000745,CC(c(c1OC2=O)c(O)cc(O)c1)=C2
litpcba_ESR1_ago__L000746,C[NH2+]C[C@H](c1cc(OC(C(C)(C)C)=O)c(OC(C(C)(C)C)=O)cc1)O
litpcba_ESR1_ago__L000747,Oc1ccc(C(N\N=C/c2ccc([N+]([O-])=O)o2)=O)cc1
litpcba_ESR1_ago__L000748,[O-][N+](c1ccc(Oc2c([N+]([O-])=O)cc(C(F)(F)F)cc2)cc1)=O
litpcba_ESR1_ago__L000749,COc1c(OC)cc(\C(\c2ccc(Cl)cc2)=C\C(N3CCOCC3)=O)cc1
litpcba_ESR1_ago__L000750,COc1ccc(C[C@@H](C(N[C@H]2[C@@H](O)[C@H](n3c(c4nc3)ncnc4N(C)C)O[C@@H]2CO)=O)[NH3+])cc1
litpcba_ESR1_ago__L000751,[O-]C(CONC(c1ccccc1)=O)=O
litpcba_ESR1_ago__L000752,[O-][N+](c1cc(Cl)c(F)cc1)=O
litpcba_ESR1_ago__L000753,CCCCCCCCC\C=C\C[C@H]1C(=O)OC(=O)C1
litpcba_ESR1_ago__L000754,Oc1nc(C([O-])=O)nc(O)n1
litpcba_ESR1_ago__L000755,CC(S[C@H]1[C@H]([C@H]2[C@](C)(C(=C3)C1)CCC3=O)[C@H]4[C@]([C@@]5(OC(=O)CC5)CC4)(C)CC2)=O
litpcba_ESR1_ago__L000756,COC(c1c(Cl)cccc1)=O
litpcba_ESR1_ago__L000757,CC(C[C@@H]1C(=O)N(CC=C)C(=S)N1)C
litpcba_ESR1_ago__L000758,CC(NSc1sc(c2n1)cccc2)(C)C
litpcba_ESR1_ago__L000759,CCCCCCCCSCCO
litpcba_ESR1_ago__L000760,Oc1c(O)cc(C([O-])=O)cc1
litpcba_ESR1_ago__L000761,CCCCC\C=C/CCC=O
litpcba_ESR1_ago__L000762,COC([C@H](N(c1c(C)cccc1C)C(Cc2ccccc2)=O)C)=O
litpcba_ESR1_ago__L000763,ONC(C1(NS(c2ccc(Oc3ccc(F)cc3)cc2)(=O)=O)CCOCC1)=O
litpcba_ESR1_ago__L000764,Cc1nc(n2cc1)nc(S(Nc3c(F)cccc3F)(=O)=O)n2
litpcba_ESR1_ago__L000765,Cc1ccc(N(c2cc(O)ccc2)CC(NCC3)=[NH+]3)cc1
litpcba_ESR1_ago__L000766,FC(C(Cl)(Cl)F)(Cl)F
litpcba_ESR1_ago__L000767,C[C@@H]1C([C@@]2(C)[C@@H]3[C@H]([C@H]4[C@]([C@](C(C)=O)(OC(C)=O)CC4)(C)CC3)C1)=CC(=O)CC2
litpcba_ESR1_ago__L000768,OC[C@@H]([C@H]([C@@H](C(CO)=O)O)O)O
litpcba_ESR1_ago__L000769,CCCCCC(OCC\C=C/CC)=O
litpcba_ESR1_ago__L000770,CCOC([C@@H]([NH2+][C@H](C(N1[C@H](C([O-])=O)Cc(c2C1)cccc2)=O)C)CCc3ccccc3)=O
litpcba_ESR1_ago__L000771,CNC=[NH+]c1c(C)cc(C)cc1
litpcba_ESR1_ago__L000772,CC([C@@H]1[C@](C)([C@H]2CC1)CC[C@@H]([C@H]23)[C@](C)([C@H]4CC3)CC[C@](O)(C)C4)=O
litpcba_ESR1_ago__L000773,C(NCc1ccccc1)C[NH2+]Cc2ccccc2
litpcba_ESR1_ago__L000774,CCCN(c1c([N+]([O-])=O)cc(C(F)(F)F)cc1[N+]([O-])=O)CC2CC2
litpcba_ESR1_ago__L000775,Cc1c([N+]([O-])=O)cccc1C([O-])=O
litpcba_ESR1_ago__L000776,CC(C(OC(C(C)C)=O)=O)C
litpcba_ESR1_ago__L000777,COc1nc(NC(NS(c2c(OCCCl)cccc2)(=O)=O)=O)nc(C)n1
litpcba_ESR1_ago__L000778,OC\C=C(/[C@@H](\C(\[C@@H]([C@@]1(c(c23)cccc2)CC4)N3\C=C(\[C@@H]5\C(=C/CO)\C6)/[C@H]7[C@]89[C@@H]([N@@+]6(CC=C)CC8)C5)=C\N7c(c9%10)cccc%10)C[C@@H]1[N@@+]4%11CC=C)\C%11
litpcba_ESR1_ago__L000779,C[C@@]1([C@H]([C@@]2(C)CC[C@H]1O)CCC(=C)[C@H]2C\C=C(\C(=O)OC3)/[C@@H]3O)CO
litpcba_ESR1_ago__L000780,[O-]S(c1cc(c2cc1)C(=O)c(c3C2=O)cccc3)(=O)=O
litpcba_ESR1_ago__L000781,CCC[N@@H+]([C@@H]1Cc(c2CC1)cccc2O)CCc3sccc3
litpcba_ESR1_ago__L000782,C[NH+]([C@@H]1C([O-])=C(C(N)=O)C(=O)[C@](O)([C@H]12)C([O-])=C3[C@@H]([C@@](O)(C)c(c4C3=O)c(Cl)ccc4[O-])C2)C
litpcba_ESR1_ago__L000783,COc1c(OC)c(OC)cc(C(N2CCCCCCC2)=O)c1
litpcba_ESR1_ago__L000784,CC(CN(S(c1ccc(N)cc1)(=O)=O)C[C@H]([C@@H](NC(O[C@@H]2[C@@H]([C@H]3OC2)CCO3)=O)Cc4ccccc4)O)C
litpcba_ESR1_ago__L000785,CCCOc1c(C(N=C(C(=N2)C3=O)NN2)=N3)cccc1
litpcba_ESR1_ago__L000786,O[C@]1(c(c2C3)ccc(Cl)c2)[C@@H]3SC(c4ccccc4)=N1
litpcba_ESR1_ago__L000787,C[C@H]([C@@](c1c(F)cc(F)cc1)(Cn2ncnc2)O)c3c(F)cncn3
litpcba_ESR1_ago__L000788,[O-][N+](c1c(Cl)c(Cl)c(Cl)c(Cl)c1)=O
litpcba_ESR1_ago__L000789,COC([C@@H](NC([C@H](CC([O-])=O)[NH3+])=O)Cc1ccccc1)=O
litpcba_ESR1_ago__L000790,C[C@@H]1c(c2CC[NH2+]C1)cc(Cl)cc2
litpcba_ESR1_ago__L000791,C[NH+]([C@H]1CC2)[C@H]2CC(OC3c(c4CCc(c35)cccc5)cccc4)C1
litpcba_ESR1_ago__L000792,COc1cc2c(n(c(C3=[NH+]CC4)c24)CCN3C)cc1
litpcba_ESR1_ago__L000793,COC(c1c(S(NC(Nc2nc(C)cc(C)n2)=O)(=O)=O)cccc1)=O
litpcba_ESR1_ago__L000794,Nc1c(O)cc([N+]([O-])=O)c(Cl)c1
litpcba_ESR1_ago__L000795,[O-]C([C@@H](Br)Cl)=O
litpcba_ESR1_ago__L000796,CC(Nc1ccc(OC(c2c(OC(C)=O)cccc2)=O)cc1)=O
litpcba_ESR1_ago__L000797,CCCCOc1ccc(OCCC[NH+]2CCOCC2)cc1
litpcba_ESR1_ago__L000798,C[C@]1(C(=O)OC2=O)[C@@H]2[C@@H]3C[C@H]1C=C3
litpcba_ESR1_ago__L000799,CC(Nc1ccc(OCCOCCOc2ccc(NC(C)=O)cc2)cc1)=O
litpcba_ESR1_ago__L000800,CC(CCCCCCCOC(C=C)=O)C
litpcba_ESR1_ago__L000801,C\C=C(\C(OCCc1ccccc1)=O)/C
litpcba_ESR1_ago__L000802,CCC(Nc1ccc(O)cc1)=O
litpcba_ESR1_ago__L000803,CC(Nc1ccc(N)cc1)=O
litpcba_ESR1_ago__L000804,Clc1cc(Cl)c(OS(c2ccccc2)(=O)=O)cc1
litpcba_ESR1_ago__L000805,Clc1cc(c2cc1)C(N3CC[NH2+]CC3)=[NH+]c(c4O2)cccc4
litpcba_ESR1_ago__L000806,O[C@H]1[C@@H](O)[C@@H]2[C@H](O)[C@@H](C(=O)O2)O1
litpcba_ESR1_ago__L000807,[NH3+][C@H](C([O-])=O)Cc1ccc(Cl)cc1
litpcba_ESR1_ago__L000808,CCCC[P+](CCCC)(CCCC)CC
litpcba_ESR1_ago__L000809,Cc1c(Sc2ccncc2)c(c3cc1)C(=O)N=C(N)N3
litpcba_ESR1_ago__L000810,CCc1c(c2[nH]c1C)C(=O)[C@H](C[NH+]3CCOCC3)CC2
litpcba_ESR1_ago__L000811,Cc1[nH+]c(c2c(N)c1)ccc(NC(Nc3cc(c4cc3)c(N)cc(C)[nH+]4)=O)c2
litpcba_ESR1_ago__L000812,Clc1c(Cl)c(N2CC[NH+](CCCCOc3cc(c4cc3)NC(=O)CC4)CC2)ccc1
litpcba_ESR1_ago__L000813,[O-]C(C(Cc1c(c2[nH]c1)cccc2)=O)=O
litpcba_ESR1_ago__L000814,COCCCOCCCOC
litpcba_ESR1_ago__L000815,ClC(OCc1ccccc1)=O
litpcba_ESR1_ago__L000816,CC(C(C(Cl)Cl)=O)(C)C
litpcba_ESR1_ago__L000817,NC(NCC[NH+]1CCCCCCC1)=[NH2+]
litpcba_ESR1_ago__L000818,CC(c1ccc(CO)cc1)C
litpcba_ESR1_ago__L000819,Brc1ccccc1
litpcba_ESR1_ago__L000820,CCc1c(OC)cc(C[C@H]([NH3+])C)c(OC)c1
litpcba_ESR1_ago__L000821,C1NC([C@H]2C(c3ccccc3)(c4ccccc4)C2)=[NH+]C1
litpcba_ESR1_ago__L000822,COc1c(OC)c(OC)cc(C(NCc2ccc(OCC[NH+](C)C)cc2)=O)c1
litpcba_ESR1_ago__L000823,CCC[N@H+]([C@@H](C(Nc1c(C)cccc1C)=O)CC)CC
litpcba_ESR1_ago__L000824,Nc1c2c(n(CCOCP([O-])([O-])=O)cn2)ncn1
litpcba_ESR1_ago__L000825,CN1c(c2C(c3ccccc3)=NCC1=S)ccc(Cl)c2
litpcba_ESR1_ago__L000826,CC(NC(=O)C(C#N)=C1)=C1c2ccncc2
litpcba_ESR1_ago__L000827,Nc1cc(S([O-])(=O)=O)c(O)c(C([O-])=O)c1
litpcba_ESR1_ago__L000828,CN(c1ccc(SC#N)cc1)C
litpcba_ESR1_ago__L000829,CCC(N(c1ccccc1)[C@H]2[C@H](C)C[N@H+](CCc3sccc3)CC2)=O
litpcba_ESR1_ago__L000830,CC(C[C@@H](C([O-])=O)NC(OCC1c(c2c(c13)cccc3)cccc2)=O)C
litpcba_ESR1_ago__L000831,O[C@@H](c1cc(O)c(O)cc1)C[NH2+]CCCCCC[NH2+]C[C@H](c2cc(O)c(O)cc2)O
litpcba_ESR1_ago__L000832,CC([C@H]([C@H](n1ncnc1)Oc2ccc(Cl)cc2)O)(C)C
litpcba_ESR1_ago__L000833,NC(C[S@](C(c1ccccc1)c2ccccc2)=O)=O
litpcba_ESR1_ago__L000834,[O-]C(CN1c(c2C(=O)N(Cc3c(F)cc(Br)cc3)C1=O)cc(Cl)cc2)=O
litpcba_ESR1_ago__L000835,Cc1c(S([O-])(=O)=O)cc(N)cc1
litpcba_ESR1_ago__L000836,CC([C@@]1([C@](C)([C@H]2CC1)C[C@H](O)[C@@](F)([C@H]23)[C@](C)(C(=C4)CC3)CCC4=O)O)=O
litpcba_ESR1_ago__L000837,Nc1scc(c2ccccc2)n1
litpcba_ESR1_ago__L000838,C[C@@H](C(Nc1c(I)c(C(NC(CO)CO)=O)c(I)c(C(NC(CO)CO)=O)c1I)=O)O
litpcba_ESR1_ago__L000839,O=C(c1ccccc1)Cc2ccccc2
litpcba_ESR1_ago__L000840,[O-]C(C[C@@H](S([O-])(=O)=O)C([O-])=O)=O
litpcba_ESR1_ago__L000841,C[C@H](CC(C)(C)C)CC(N([O-])C(=O)C=C1C)=C1
litpcba_ESR1_ago__L000842,CC(CN(N=O)CC(C)=O)=O
litpcba_ESR1_ago__L000843,[O-]C(c1c(C(Nc2ccc(S(Nc3sccn3)(=O)=O)cc2)=O)cccc1)=O
litpcba_ESR1_ago__L000844,CC(COC(c1ccccc1)=O)(COC(c2ccccc2)=O)C
litpcba_ESR1_ago__L000845,SCCCCCCCCS
litpcba_ESR1_ago__L000846,CC(OCC(CS[C@H]1N2C(=O)[C@H]1NC(Cc3ccccc3)=O)=C2C([O-])=O)=O
litpcba_ESR1_ago__L000847,CC1(CCCCC1)COc2ccc(C[C@@H]3C(=O)[N-]C(=O)S3)cc2
litpcba_ESR1_ago__L000848,NS(c1c(Cl)cc2c(S(=O)(=O)N=C(CSCc3ccccc3)N2)c1)(=O)=O
litpcba_ESR1_ago__L000849,CCC[NH2+]C(COC(c1ccccc1)=O)(C)C
litpcba_ESR1_ago__L000850,Cc1c(Nc2c(C([O-])=O)cccn2)cccc1Cl
litpcba_ESR1_ago__L000851,C[NH+](CCOC(C(c1ccccc1)(c2ccccc2)OCC#C)=O)C
litpcba_ESR1_ago__L000852,[O-]C(c1c(OP([O-])([O-])=O)cccc1)=O
litpcba_ESR1_ago__L000853,C=CC(NCNC(C=C)=O)=O
litpcba_ESR1_ago__L000854,ClC([C@](C(Cl)(Cl)[C@]12Cl)(Cl)[C@H]3[C@@H]1C(=O)OC3=O)=C2Cl
litpcba_ESR1_ago__L000855,C[N@H+]1C[C@@H]2[C@H](c(c3Oc(c24)ccc(Cl)c4)cccc3)C1
litpcba_ESR1_ago__L000856,C[NH+](CCCCCC[NH+](C)C)C
litpcba_ESR1_ago__L000857,C([C@H]1OC1)Oc2ccccc2
litpcba_ESR1_ago__L000858,[O-]C(C[C@H](C([O-])=O)Cl)=O
litpcba_ESR1_ago__L000859,CC(Nc1ccc(CC([O-])=O)cc1)=O
litpcba_ESR1_ago__L000860,CCOC(Nc1cc(c2cc1)N(C(CC[NH+]3CCOCC3)=O)c(c4S2)cccc4)=O
litpcba_ESR1_ago__L000861,Nc1c(C(c2ccc(Br)cc2)=O)cccc1CC([O-])=O
litpcba_ESR1_ago__L000862,C[N+](Cc1sccc1)(CCOc2ccccc2)C
litpcba_ESR1_ago__L000863,CC(Nc1c(c2c(NC(C)C)cc1)C(=O)c(c3C2=O)cccc3)C
litpcba_ESR1_ago__L000864,Cc1c([N+]([O-])=O)ccc(C([O-])=O)c1
litpcba_ESR1_ago__L000865,C[N@H+]1C[C@H](CN2c(c3Sc(c24)cccc4)cccc3)CC1
litpcba_ESR1_ago__L000866,CC[NH+](CCOC(C(c1ccccc1)(c2ccccc2)C)=O)CC
litpcba_ESR1_ago__L000867,C[C@H](Cn1c(c2nc1)C(=O)N(C)C(=O)N2C)O
litpcba_ESR1_ago__L000868,[O-]C(c1c(Cl)cccc1Cl)=O
litpcba_ESR1_ago__L000869,CC1(C(=O)NC(=O)NC1=O)C
litpcba_ESR1_ago__L000870,[O-]C(c1c(Cl)c([N+]([O-])=O)cc(Cl)c1)=O
litpcba_ESR1_ago__L000871,C\C(\[O-])=C(\C(=O)C=C(C)O1)/C1=O
litpcba_ESR1_ago__L000872,CCC1(CC(=O)NC(=O)C1)C
litpcba_ESR1_ago__L000873,Oc1c(\C=N\Cc2ccccc2)cccc1
litpcba_ESR1_ago__L000874,C[NH+](CCOC(c(c1Sc(c23)cccc2)cc(Cl)cc1)=C3)C
litpcba_ESR1_ago__L000875,Oc1cc(Cl)cc(Cl)c1
litpcba_ESR1_ago__L000876,Fc1c(C(c(c(c2CC3)N3C(=O)[C@H]4NC(c5[nH]c(c6c5)cccc6)=O)ccc2)=N4)cccc1
litpcba_ESR1_ago__L000877,CC(c1cnccc1)(C(c2cnccc2)=O)C
litpcba_ESR1_ago__L000878,C[C@@H]1C([C@@]2(C)[C@@H]3[C@H]([C@H]4[C@]([C@](C(C)=O)(O)CC4)(C)CC3)C1)=CC(=O)CC2
litpcba_ESR1_ago__L000879,Oc1c(c2nn(c3ccc(C([O-])=O)cc3)c(c4c(O)cccc4)n2)cccc1
litpcba_ESR1_ago__L000880,CC\C=C/CCOC(\C(\C)=C\C)=O
litpcba_ESR1_ago__L000881,CC(c1n(c2nn1)cc(c3c(c4c(F)ccc(F)c4)nco3)cc2)C
litpcba_ESR1_ago__L000882,Clc1ccc([C@@H](c2ccccc2)OCC[NH+]3CCCCC3)cc1
litpcba_ESR1_ago__L000883,O=C(c1ccccc1)Oc2c(c3ccc2)nccc3
litpcba_ESR1_ago__L000884,CCCCC\C(\CO)=C\c1ccccc1
litpcba_ESR1_ago__L000885,CC(OCC(COC(C)=O)CCn1c(c2nc1)nc(N)nc2)=O
litpcba_ESR1_ago__L000886,CN1c(c2N(c3ccccc3)C(=O)CC1=O)ccc(Cl)c2
litpcba_ESR1_ago__L000887,Clc1cc(Cl)c([C@H](OCC=C)Cn2cncc2)cc1
litpcba_ESR1_ago__L000888,CC(NCC[NH2+]C(C)(C)C)(C)C
litpcba_ESR1_ago__L000889,N(c1ccccc1)Nc2ccccc2
litpcba_ESR1_ago__L000890,CCOc1cc(c2cc1)[C@H](C)CC(C)(C)N2
litpcba_ESR1_ago__L000891,CC(C(\C=C\c1ccc(Cl)cc1)=O)(C)C
litpcba_ESR1_ago__L000892,NS(c1c(Cl)cc2c(S(=O)(=O)N[C@H](CSCC=C)N2)c1)(=O)=O
litpcba_ESR1_ago__L000893,O=C1OCCOC(=O)CCCCCCCCCC1
litpcba_ESR1_ago__L000894,[O-][N+](c1ccc(Oc2ccc([N+]([O-])=O)cc2)cc1)=O
litpcba_ESR1_ago__L000895,Clc1c(Cl)cc(NC(C2CC2)=O)cc1
litpcba_ESR1_ago__L000896,NC(c1ccc(OCCCOc2ccc(C(N)=[NH2+])cc2)cc1)=[NH2+]
litpcba_ESR1_ago__L000897,COc1c(O)cc(C=O)cc1
litpcba_ESR1_ago__L000898,Cc1nc(N)c(C[n+]2c(C)c(CCOP(O)(O)=O)sc2)cn1
litpcba_ESR1_ago__L000899,COC(Nc1[nH]c(c2n1)cccc2)=O
litpcba_ESR1_ago__L000900,CCOC(O[C@H](OC(c(c1S(=O)(=O)N2C)cccc1)=C2C(Nc3ncccc3)=O)C)=O
litpcba_ESR1_ago__L000901,CNC(O\N=C\C([S@@](C)=O)(C)C)=O
litpcba_ESR1_ago__L000902,ClCC(Cl)(Cl)Cl
litpcba_ESR1_ago__L000903,C1[n+](c2c([n+]3C1)cccc3)cccc2
litpcba_ESR1_ago__L000904,CC(CN(S(c1ccc(N)cc1)(=O)=O)C[C@H]([C@@H](NC(O[C@@H]2COCC2)=O)Cc3ccccc3)OP([O-])([O-])=O)C
litpcba_ESR1_ago__L000905,COP([C@H](C(Cl)(Cl)Cl)O)(OC)=O
litpcba_ESR1_ago__L000906,CC(C(OCc1ccccc1)=O)=C
litpcba_ESR1_ago__L000907,FC(c1c(Cl)cccc1)(F)F
litpcba_ESR1_ago__L000908,NC(C=CN([C@@H]1O[C@@H](CO)OC1)C2=O)=N2
litpcba_ESR1_ago__L000909,CCOC([C@@H]([NH2+][C@H](C(N1[C@H](C([O-])=O)C[C@@H]([C@@H]12)CCC2)=O)C)CCc3ccccc3)=O
litpcba_ESR1_ago__L000910,CO[P@@](Oc1c(C(OC(C)C)=O)cccc1)(N)=S
litpcba_ESR1_ago__L000911,Nc1c(\N=N\c2c(C(F)(F)F)cccc2)c(c3cc1)c(O)cc(S([O-])(=O)=O)c3
